,Age,Gender,AcademicStatus,TypeSocialMedia,HoursSMuse,FrqUse,SMCap_1,SMCap_2,EduOutcome,PerformanceExpentancy,EasyofUse,EffortExpentancy,SocialInfuence,SocialMediaRisk,FacilitatingConditions,SelfControl,BehaviouralIntentiontoUse,VountarinessofUse,Experience
0,18 - 24,Male,Student - Full time,Facebook,1-3 hours,Always,Strongly Agree,Strongly Agree,Strongly Agree,Agree,Agree,Agree,Agree,Agree,Agree,Agree,Agree,Agree,no
1,18 - 24,Female,Student - Full time,Facebook,More than 5 hours,Often,Strongly Agree,Strongly Agree,Agree,Agree,Agree,Agree,Agree,Agree,Agree,Agree,Agree,Agree,yes
2,18 - 24,Male,Student - Full time,Facebook,3-5 hours,Sometimes,Agree,Neutral,Agree,Agree,Agree,Agree,Agree,Agree,Agree,Agree,Agree,Agree,no
3,18 - 24,Female,Student - Full time,Instagram,3-5 hours,Always,Strongly Agree,Strongly Agree,Agree,Agree,Agree,Agree,Agree,Agree,Agree,Agree,Agree,Agree,no
4,18 - 24,Female,Student - Full time,Facebook,3-5 hours,Often,Strongly Agree,Agree,Agree,Agree,Agree,Agree,Agree,Agree,Agree,Agree,Agree,Agree,no
5,18 - 24,Female,Student - Full time,Facebook,1-3 hours,Always,Agree,Neutral,Agree,Agree,Agree,Agree,Agree,Agree,Agree,Agree,Agree,Agree,yes
6,18 - 24,Male,Student - Full time,Facebook,More than 5 hours,Always,Strongly Agree,Strongly Agree,Agree,Agree,Agree,Agree,Agree,Agree,Agree,Agree,Agree,Agree,yes
7,18 - 24,Male,Student - Full time,Facebook,1-3 hours,Often,Agree,Agree,Agree,Agree,Agree,Agree,Agree,Agree,Agree,Agree,Agree,Agree,yes
8,18 - 24,Male,Student - Full time,YouTube,1-3 hours,Always,Neutral,Strongly Agree,Agree,Agree,Agree,Agree,Agree,Agree,Agree,Agree,Agree,Agree,yes
9,18 - 24,Female,Student - Full time,Facebook,More than 5 hours,Often,Neutral,Neutral,Agree,Agree,Agree,Agree,Agree,Agree,Agree,Agree,Agree,Agree,no
10,18 - 24,Female,Student - Full time,Facebook,1-3 hours,Often,Agree,Neutral,Agree,Agree,Agree,Agree,Agree,Agree,Agree,Agree,Agree,Agree,no
11,18 - 24,Male,Student - Full time,Facebook,1-3 hours,Often,Agree,Strongly Agree,Agree,Agree,Agree,Agree,Agree,Agree,Agree,Agree,Agree,Agree,yes
12,18 - 24,Female,Student - Full time,Facebook,1-3 hours,Always,Agree,Agree,Agree,Agree,Agree,Agree,Agree,Agree,Agree,Agree,Agree,Agree,no
13,18 - 24,Female,Student - Full time,Facebook,1-3 hours,Always,Agree,Strongly Agree,Agree,Agree,Agree,Agree,Agree,Agree,Agree,Agree,Agree,Agree,no
14,18 - 24,Male,Student - Full time,YouTube,More than 5 hours,Always,Strongly Agree,Strongly Agree,Agree,Agree,Agree,Agree,Agree,Agree,Agree,Agree,Agree,Agree,no
15,18 - 24,Female,Student - Full time,Twitter,Less than an hour,Often,Neutral,Agree,Agree,Agree,Agree,Agree,Agree,Agree,Agree,Agree,Agree,Agree,no
16,18 - 24,Male,Non Students,Facebook,1-3 hours,Often,Agree,Agree,Agree,Agree,Agree,Agree,Agree,Agree,Agree,Agree,Agree,Agree,no
17,18 - 24,Female,Student - Full time,Facebook,1-3 hours,Often,Agree,Agree,Agree,Agree,Agree,Agree,Agree,Agree,Agree,Agree,Agree,Agree,yes
18,18 - 24,Male,Student - Full time,Facebook,1-3 hours,Often,Agree,Strongly Agree,Agree,Agree,Agree,Agree,Agree,Agree,Agree,Agree,Agree,Agree,yes
19,18 - 24,Male,Student - Full time,Instagram,3-5 hours,Often,Agree,Agree,Agree,Agree,Agree,Agree,Agree,Agree,Agree,Agree,Agree,Agree,yes
20,18 - 24,Male,Student - Full time,Facebook,3-5 hours,Often,Agree,Agree,Agree,Agree,Agree,Agree,Agree,Agree,Agree,Agree,Agree,Agree,no
21,18 - 24,Male,Student - Full time,Facebook,1-3 hours,Often,Strongly Agree,Strongly Agree,Agree,Agree,Agree,Agree,Agree,Agree,Agree,Agree,Agree,Agree,no
22,18 - 24,Male,Student - Full time,Facebook,1-3 hours,Sometimes,Agree,Agree,Agree,Agree,Agree,Agree,Agree,Agree,Agree,Agree,Agree,Agree,no
23,18 - 24,Male,Student - Full time,Facebook,Less than an hour,Often,Neutral,Neutral,Agree,Agree,Agree,Agree,Agree,Agree,Agree,Agree,Agree,Agree,no
24,18 - 24,Male,Student - Full time,YouTube,1-3 hours,Rarely,Neutral,Agree,Agree,Agree,Agree,Agree,Agree,Agree,Agree,Agree,Agree,Agree,no
25,18 - 24,Male,Student - Full time,Facebook,1-3 hours,Sometimes,Agree,Agree,Agree,Agree,Agree,Agree,Agree,Agree,Agree,Agree,Agree,Agree,yes
26,18 - 24,Female,Student - Full time,Facebook,More than 5 hours,Always,Strongly Agree,Strongly Agree,Agree,Agree,Agree,Agree,Agree,Agree,Agree,Agree,Agree,Agree,yes
27,18 - 24,Male,Student - Full time,Facebook,1-3 hours,Often,Agree,Agree,Agree,Agree,Agree,Agree,Agree,Agree,Agree,Agree,Agree,Agree,yes
28,18 - 24,Male,Student - Full time,Facebook,3-5 hours,Rarely,Neutral,Agree,Agree,Agree,Agree,Agree,Agree,Agree,Agree,Agree,Agree,Agree,yes
29,18 - 24,Male,Student - Full time,Facebook,3-5 hours,Always,Agree,Strongly Agree,Agree,Agree,Agree,Agree,Agree,Agree,Agree,Agree,Agree,Agree,no
30,18 - 24,Male,Student - Full time,Facebook,3-5 hours,Sometimes,Disagree,Strongly Agree,Agree,Neutral,Agree,Agree,Agree,Agree,Agree,Agree,Agree,Agree,yes
31,18 - 24,Male,Student - Full time,Facebook,1-3 hours,Often,Neutral,Agree,Strongly Agree,Strongly Agree,Agree,Agree,Agree,Agree,Agree,Agree,Agree,Agree,no
32,18 - 24,Male,Student - Full time,Facebook,1-3 hours,Always,Neutral,Neutral,Strongly Agree,Strongly Agree,Agree,Agree,Agree,Agree,Agree,Agree,Agree,Agree,no
33,18 - 24,Female,Student - Full time,Facebook,More than 5 hours,Sometimes,Agree,Agree,Strongly Agree,Strongly Agree,Agree,Agree,Agree,Agree,Agree,Agree,Agree,Agree,no
34,18 - 24,Male,Student - Full time,Facebook,More than 5 hours,Always,Strongly Agree,Strongly Agree,Agree,Agree,Agree,Agree,Agree,Agree,Agree,Agree,Agree,Strongly Agree,yes
35,18 - 24,Male,Student - Full time,Facebook,More than 5 hours,Always,Strongly Agree,Strongly Agree,Agree,Agree,Agree,Agree,Agree,Agree,Agree,Agree,Neutral,Agree,yes
36,18 - 24,Female,Student - Full time,Facebook,More than 5 hours,Often,Agree,Neutral,Strongly Agree,Strongly Agree,Agree,Agree,Agree,Agree,Agree,Agree,Neutral,Strongly Agree,no
37,18 - 24,Female,Student - Full time,Facebook,3-5 hours,Always,Agree,Strongly Agree,Agree,Agree,Agree,Agree,Agree,Agree,Agree,Disagree,Agree,Agree,no
38,18 - 24,Male,Student - Full time,YouTube,1-3 hours,Rarely,Neutral,Agree,Agree,Agree,Agree,Agree,Agree,Agree,Agree,Neutral,Agree,Agree,yes
39,18 - 24,Male,Student - Full time,Facebook,3-5 hours,Often,Agree,Agree,Agree,Strongly Agree,Agree,Agree,Agree,Agree,Agree,Strongly Agree,Agree,Agree,no
40,18 - 24,Female,Student - Full time,YouTube,3-5 hours,Rarely,Agree,Agree,Agree,Agree,Agree,Agree,Agree,Agree,Agree,Agree,Agree,Agree,no
41,18 - 24,Male,Student - Full time,Facebook,3-5 hours,Always,Strongly Agree,Strongly Agree,Agree,Agree,Agree,Agree,Agree,Agree,Agree,Agree,Agree,Agree,no
42,18 - 24,Female,Student - Full time,Facebook,1-3 hours,Sometimes,Neutral,Neutral,Agree,Agree,Agree,Agree,Agree,Agree,Agree,Agree,Neutral,Agree,no
43,18 - 24,Female,Student - Full time,Facebook,More than 5 hours,Rarely,Agree,Agree,Strongly Agree,Agree,Agree,Agree,Agree,Agree,Agree,Disagree,Agree,Agree,no
44,18 - 24,Male,Student - Full time,Facebook,1-3 hours,Sometimes,Neutral,Neutral,Strongly Agree,Strongly Agree,Agree,Agree,Agree,Agree,Agree,Agree,Agree,Agree,yes
45,18 - 24,Female,Student - Full time,Facebook,More than 5 hours,Often,Agree,Agree,Agree,Agree,Agree,Agree,Agree,Agree,Agree,Agree,Agree,Agree,yes
46,18 - 24,Female,Student - Full time,Facebook,3-5 hours,Often,Agree,Agree,Agree,Agree,Agree,Agree,Agree,Agree,Agree,Agree,Agree,Strongly Agree,yes
47,18 - 24,Female,Student - Full time,Facebook,3-5 hours,Always,Strongly Agree,Strongly Agree,Strongly Agree,Agree,Agree,Agree,Agree,Agree,Agree,Agree,Agree,Agree,yes
48,18 - 24,Male,Student - Full time,Facebook,1-3 hours,Often,Neutral,Agree,Agree,Agree,Agree,Agree,Agree,Agree,Agree,Agree,Agree,Neutral,no
49,18 - 24,Male,Student - Full time,Facebook,1-3 hours,Sometimes,Agree,Agree,Agree,Agree,Agree,Agree,Agree,Agree,Disagree,Agree,Agree,Agree,no
50,18 - 24,Female,Student - Full time,Facebook,More than 5 hours,Always,Strongly Agree,Strongly Agree,Strongly Agree,Agree,Agree,Agree,Agree,Agree,Disagree,Strongly Agree,Strongly Agree,Strongly Agree,yes
51,18 - 24,Female,Student - Full time,Facebook,3-5 hours,Often,Agree,Strongly Agree,Strongly Agree,Agree,Agree,Agree,Agree,Agree,Neutral,Agree,Agree,Agree,yes
52,18 - 24,Female,Student - Full time,Facebook,Less than an hour,Always,Agree,Agree,Agree,Agree,Agree,Agree,Agree,Agree,Strongly Agree,Strongly Agree,Agree,Agree,no
53,18 - 24,Female,Student - Full time,Facebook,3-5 hours,Sometimes,Agree,Strongly Agree,Strongly Agree,Strongly Agree,Agree,Agree,Agree,Agree,Strongly Agree,Strongly Agree,Strongly Agree,Strongly Agree,yes
54,18 - 24,Male,Student - Full time,YouTube,1-3 hours,Sometimes,Neutral,Agree,Agree,Agree,Agree,Agree,Agree,Agree,Strongly Agree,Agree,Agree,Agree,no
55,18 - 24,Male,Student - Full time,Facebook,3-5 hours,Sometimes,Strongly Agree,Strongly Agree,Agree,Agree,Agree,Agree,Agree,Agree,Strongly Agree,Agree,Agree,Agree,yes
56,18 - 24,Female,Student - Full time,YouTube,3-5 hours,Sometimes,Strongly Agree,Strongly Agree,Agree,Agree,Agree,Agree,Agree,Agree,Strongly Agree,Agree,Agree,Agree,yes
57,18 - 24,Male,Student - Full time,Facebook,3-5 hours,Often,Agree,Agree,Agree,Agree,Agree,Agree,Agree,Agree,Agree,Agree,Agree,Strongly Agree,yes
58,18 - 24,Male,Student - Full time,Facebook,1-3 hours,Sometimes,Agree,Agree,Agree,Agree,Agree,Agree,Agree,Agree,Agree,Agree,Agree,Agree,yes
59,18 - 24,Female,Student - Full time,Facebook,3-5 hours,Often,Agree,Agree,Agree,Agree,Agree,Agree,Agree,Agree,Agree,Agree,Agree,Agree,no
60,18 - 24,Female,Student - Full time,Facebook,1-3 hours,Sometimes,Strongly Agree,Neutral,Agree,Agree,Agree,Agree,Agree,Agree,Agree,Agree,Agree,Agree,no
61,25-34,Male,Student - Full time,Facebook,3-5 hours,Sometimes,Strongly Agree,Strongly Agree,Strongly Agree,Strongly Agree,Agree,Agree,Agree,Agree,Agree,Agree,Agree,Agree,no
62,18 - 24,Male,Student - Full time,Facebook,1-3 hours,Always,Strongly Agree,Strongly Agree,Strongly Agree,Strongly Agree,Agree,Agree,Agree,Agree,Disagree,Agree,Agree,Agree,no
63,18 - 24,Female,Student - Full time,Facebook,More than 5 hours,Often,Neutral,Neutral,Agree,Agree,Agree,Agree,Agree,Agree,Neutral,Agree,Agree,Agree,no
64,18 - 24,Male,Student - Full time,Facebook,Less than an hour,Often,Neutral,Disagree,Strongly Agree,Strongly Agree,Agree,Agree,Agree,Agree,Neutral,Strongly Agree,Agree,Agree,yes
65,18 - 24,Female,Student - Full time,Facebook,3-5 hours,Always,Strongly Agree,Strongly Agree,Agree,Agree,Agree,Agree,Agree,Agree,Neutral,Agree,Agree,Agree,no
66,18 - 24,Male,Student - Full time,YouTube,More than 5 hours,Always,Strongly Agree,Strongly Agree,Agree,Agree,Agree,Agree,Agree,Agree,Neutral,Agree,Agree,Agree,yes
67,18 - 24,Male,Student - Full time,YouTube,More than 5 hours,Always,Strongly Agree,Strongly Agree,Neutral,Strongly Agree,Agree,Agree,Agree,Agree,Neutral,Strongly Agree,Strongly Agree,Strongly Agree,yes
68,18 - 24,Male,Student - Full time,Facebook,1-3 hours,Always,Disagree,Disagree,Agree,Strongly Agree,Agree,Agree,Agree,Agree,Strongly Agree,Agree,Agree,Agree,no
69,18 - 24,Male,Student - Full time,YouTube,1-3 hours,Sometimes,Neutral,Neutral,Strongly Agree,Agree,Agree,Agree,Agree,Agree,Strongly Agree,Neutral,Agree,Agree,no
70,18 - 24,Female,Student - Full time,Facebook,1-3 hours,Always,Strongly Agree,Strongly Agree,Strongly Agree,Strongly Agree,Agree,Agree,Agree,Agree,Strongly Agree,Strongly Agree,Strongly Agree,Agree,yes
71,18 - 24,Male,Student - Full time,YouTube,More than 5 hours,Often,Strongly Agree,Strongly Agree,Agree,Agree,Agree,Agree,Agree,Agree,Strongly Agree,Agree,Agree,Agree,yes
72,18 - 24,Female,Student - Full time,Facebook,3-5 hours,Always,Agree,Strongly Agree,Agree,Agree,Agree,Agree,Agree,Agree,Strongly Agree,Strongly Agree,Strongly Agree,Strongly Agree,yes
73,18 - 24,Female,Student - Full time,Facebook,1-3 hours,Often,Strongly Agree,Strongly Agree,Agree,Agree,Agree,Agree,Agree,Disagree,Agree,Agree,Agree,Agree,no
74,18 - 24,Male,Student - Full time,Facebook,1-3 hours,Sometimes,Neutral,Agree,Strongly Agree,Agree,Agree,Agree,Agree,Disagree,Agree,Strongly Agree,Strongly Agree,Agree,yes
75,18 - 24,Male,Student - Full time,Facebook,1-3 hours,Always,Strongly Agree,Strongly Agree,Strongly Agree,Agree,Agree,Agree,Agree,Disagree,Agree,Agree,Agree,Agree,yes
76,25-34,Male,Student - Full time,Facebook,1-3 hours,Sometimes,Strongly Agree,Strongly Agree,Strongly Agree,Strongly Agree,Agree,Agree,Agree,Disagree,Strongly Agree,Agree,Agree,Strongly Agree,no
77,18 - 24,Male,Student - Full time,Facebook,1-3 hours,Always,Strongly Agree,Neutral,Agree,Agree,Agree,Agree,Agree,Disagree,Strongly Agree,Agree,Agree,Agree,yes
78,18 - 24,Female,Student - Full time,Facebook,3-5 hours,Often,Agree,Agree,Agree,Agree,Agree,Agree,Agree,Disagree,Strongly Agree,Neutral,Agree,Agree,yes
79,18 - 24,Male,Student - Full time,Facebook,1-3 hours,Always,Strongly Agree,Strongly Agree,Neutral,Agree,Agree,Agree,Agree,Disagree,Strongly Agree,Strongly Agree,Strongly Agree,Agree,yes
80,18 - 24,Male,Student - Full time,Facebook,3-5 hours,Always,Strongly Agree,Strongly Agree,Agree,Agree,Agree,Agree,Agree,Disagree,Agree,Agree,Agree,Agree,yes
81,18 - 24,Male,Student - Full time,Facebook,3-5 hours,Always,Strongly Agree,Strongly Agree,Agree,Agree,Agree,Agree,Agree,Disagree,Disagree,Disagree,Agree,Agree,yes
82,18 - 24,Female,Student - Full time,Twitter,More than 5 hours,Often,Neutral,Neutral,Strongly Agree,Strongly Agree,Agree,Agree,Agree,Disagree,Neutral,Agree,Agree,Strongly Agree,no
83,18 - 24,Female,Student - Full time,YouTube,1-3 hours,Always,Agree,Agree,Strongly Agree,Agree,Agree,Agree,Agree,Disagree,Agree,Agree,Agree,Agree,yes
84,18 - 24,Male,Student - Full time,Facebook,More than 5 hours,Rarely,Strongly Disagree,Neutral,Strongly Agree,Strongly Agree,Agree,Agree,Agree,Disagree,Agree,Agree,Agree,Agree,yes
85,18 - 24,Female,Student - Full time,Facebook,1-3 hours,Sometimes,Agree,Strongly Agree,Agree,Agree,Agree,Agree,Agree,Disagree,Agree,Neutral,Agree,Agree,no
86,18 - 24,Female,Student - Full time,Facebook,3-5 hours,Always,Strongly Agree,Strongly Agree,Agree,Agree,Agree,Agree,Agree,Disagree,Disagree,Strongly Agree,Agree,Agree,yes
87,18 - 24,Female,Student - Part time or Distance Learning,Facebook,3-5 hours,Sometimes,Neutral,Neutral,Strongly Agree,Strongly Agree,Agree,Agree,Agree,Disagree,Neutral,Strongly Agree,Strongly Agree,Strongly Agree,yes
88,18 - 24,Male,Student - Full time,Facebook,1-3 hours,Always,Strongly Agree,Strongly Agree,Agree,Agree,Agree,Agree,Agree,Disagree,Neutral,Neutral,Agree,Agree,yes
89,25-34,Male,Student - Full time,Facebook,3-5 hours,Often,Agree,Agree,Agree,Agree,Agree,Agree,Agree,Disagree,Neutral,Agree,Neutral,Agree,yes
90,18 - 24,Male,Student - Full time,Facebook,1-3 hours,Always,Strongly Agree,Disagree,Agree,Agree,Agree,Agree,Agree,Disagree,Strongly Agree,Strongly Agree,Agree,Agree,yes
91,18 - 24,Male,Student - Full time,Facebook,3-5 hours,Always,Agree,Agree,Agree,Agree,Agree,Agree,Agree,Disagree,Strongly Agree,Agree,Agree,Agree,yes
92,18 - 24,Female,Student - Full time,Facebook,1-3 hours,Rarely,Strongly Agree,Agree,Strongly Agree,Strongly Agree,Agree,Agree,Agree,Disagree,Strongly Agree,Strongly Agree,Strongly Agree,Agree,yes
93,18 - 24,Male,Student - Full time,Whatsapp,1-3 hours,Often,Agree,Agree,Agree,Agree,Agree,Agree,Agree,Neutral,Agree,Agree,Agree,Agree,yes
94,18 - 24,Male,Student - Full time,Facebook,3-5 hours,Sometimes,Agree,Agree,Agree,Agree,Agree,Agree,Agree,Neutral,Agree,Agree,Agree,Agree,no
95,18 - 24,Male,Student - Full time,Instagram,More than 5 hours,Always,Neutral,Strongly Agree,Strongly Agree,Agree,Agree,Agree,Agree,Neutral,Agree,Agree,Agree,Agree,yes
96,18 - 24,Female,Student - Full time,Facebook,3-5 hours,Rarely,Neutral,Neutral,Strongly Agree,Strongly Agree,Agree,Agree,Agree,Neutral,Agree,Agree,Agree,Agree,yes
97,18 - 24,Male,Student - Full time,YouTube,More than 5 hours,Always,Agree,Agree,Strongly Agree,Strongly Agree,Agree,Agree,Agree,Neutral,Agree,Agree,Agree,Agree,no
98,25-34,Female,Student - Full time,Facebook,3-5 hours,Often,Agree,Agree,Agree,Agree,Agree,Agree,Agree,Neutral,Agree,Neutral,Agree,Agree,no
99,18 - 24,Male,Student - Full time,Facebook,1-3 hours,Often,Agree,Strongly Agree,Strongly Agree,Strongly Agree,Agree,Agree,Agree,Neutral,Agree,Strongly Agree,Agree,Agree,yes
100,18 - 24,Male,Student - Full time,Facebook,1-3 hours,Sometimes,Neutral,Neutral,Strongly Agree,Strongly Agree,Agree,Agree,Agree,Neutral,Agree,Strongly Agree,Strongly Agree,Strongly Agree,no
101,18 - 24,Female,Student - Full time,Facebook,Less than an hour,Always,Neutral,Strongly Agree,Agree,Agree,Agree,Agree,Agree,Neutral,Agree,Agree,Agree,Agree,yes
102,18 - 24,Female,Student - Full time,Facebook,1-3 hours,Rarely,Neutral,Agree,Strongly Agree,Agree,Agree,Agree,Agree,Neutral,Agree,Strongly Agree,Agree,Agree,yes
103,18 - 24,Male,Student - Full time,Facebook,1-3 hours,Sometimes,Agree,Strongly Agree,Agree,Agree,Agree,Agree,Agree,Neutral,Neutral,Neutral,Neutral,Neutral,no
104,18 - 24,Female,Non Students,Facebook,More than 5 hours,Always,Strongly Agree,Strongly Agree,Agree,Agree,Agree,Agree,Agree,Neutral,Strongly Agree,Agree,Agree,Neutral,yes
105,18 - 24,Female,Student - Full time,Facebook,1-3 hours,Sometimes,Agree,Agree,Strongly Agree,Agree,Agree,Agree,Agree,Neutral,Strongly Agree,Strongly Agree,Agree,Agree,yes
106,18 - 24,Male,Student - Full time,Facebook,1-3 hours,Often,Agree,Agree,Agree,Agree,Agree,Agree,Agree,Neutral,Neutral,Neutral,Agree,Agree,no
107,18 - 24,Male,Student - Full time,Facebook,More than 5 hours,Always,Agree,Agree,Agree,Agree,Agree,Agree,Agree,Neutral,Agree,Agree,Agree,Agree,no
108,18 - 24,Male,Student - Full time,Facebook,Less than an hour,Always,Agree,Strongly Agree,Agree,Agree,Agree,Agree,Agree,Neutral,Neutral,Agree,Agree,Agree,yes
109,18 - 24,Female,Student - Full time,Whatsapp,1-3 hours,Rarely,Strongly Disagree,Strongly Disagree,Neutral,Agree,Agree,Agree,Agree,Neutral,Neutral,Neutral,Agree,Agree,no
110,18 - 24,Male,Student - Full time,Facebook,More than 5 hours,Always,Neutral,Agree,Strongly Agree,Agree,Agree,Agree,Agree,Neutral,Agree,Agree,Agree,Agree,no
111,18 - 24,Female,Student - Full time,Facebook,3-5 hours,Often,Agree,Strongly Agree,Neutral,Agree,Agree,Agree,Agree,Neutral,Neutral,Neutral,Agree,Agree,no
112,18 - 24,Female,Student - Full time,Facebook,More than 5 hours,Often,Agree,Agree,Agree,Agree,Agree,Agree,Agree,Neutral,Strongly Agree,Agree,Agree,Agree,yes
113,18 - 24,Female,Student - Full time,Facebook,Less than an hour,Often,Agree,Strongly Agree,Agree,Agree,Agree,Agree,Agree,Neutral,Strongly Agree,Strongly Agree,Agree,Agree,yes
114,18 - 24,Female,Student - Full time,Facebook,More than 5 hours,Never,Neutral,Neutral,Strongly Agree,Strongly Agree,Agree,Agree,Agree,Neutral,Strongly Agree,Agree,Agree,Agree,yes
115,18 - 24,Male,Student - Full time,Instagram,More than 5 hours,Rarely,Strongly Disagree,Strongly Disagree,Agree,Agree,Agree,Agree,Agree,Neutral,Strongly Agree,Agree,Agree,Strongly Agree,yes
116,18 - 24,Male,Student - Full time,Facebook,1-3 hours,Rarely,Disagree,Disagree,Strongly Agree,Strongly Agree,Agree,Agree,Agree,Strongly Agree,Neutral,Neutral,Strongly Agree,Neutral,yes
117,18 - 24,Male,Student - Full time,Facebook,1-3 hours,Always,Strongly Agree,Strongly Agree,Agree,Agree,Agree,Agree,Agree,Strongly Agree,Strongly Agree,Strongly Agree,Disagree,Agree,yes
118,18 - 24,Male,Student - Full time,YouTube,Less than an hour,Often,Strongly Agree,Strongly Agree,Agree,Agree,Agree,Agree,Agree,Strongly Disagree,Disagree,Agree,Agree,Agree,no
119,25-34,Male,Student - Full time,Facebook,Less than an hour,Often,Strongly Agree,Strongly Agree,Agree,Agree,Agree,Agree,Agree,Agree,Agree,Agree,Agree,Agree,no
120,18 - 24,Male,Student - Full time,Facebook,More than 5 hours,Rarely,Strongly Agree,Strongly Agree,Strongly Agree,Strongly Agree,Agree,Agree,Agree,Agree,Strongly Agree,Neutral,Neutral,Strongly Agree,no
121,18 - 24,Male,Student - Full time,Facebook,3-5 hours,Often,Strongly Agree,Strongly Agree,Strongly Agree,Agree,Agree,Agree,Agree,Agree,Agree,Neutral,Strongly Agree,Agree,no
122,18 - 24,Female,Student - Full time,Facebook,1-3 hours,Always,Strongly Agree,Strongly Agree,Strongly Agree,Strongly Agree,Agree,Agree,Agree,Agree,Strongly Agree,Agree,Strongly Agree,Strongly Agree,no
123,18 - 24,Male,Student - Full time,Facebook,1-3 hours,Often,Agree,Agree,Agree,Agree,Agree,Agree,Agree,Disagree,Agree,Agree,Agree,Agree,yes
124,18 - 24,Female,Student - Full time,Facebook,3-5 hours,Sometimes,Neutral,Neutral,Agree,Agree,Agree,Agree,Agree,Disagree,Disagree,Agree,Agree,Agree,yes
125,18 - 24,Female,Student - Full time,Facebook,More than 5 hours,Sometimes,Agree,Neutral,Strongly Agree,Strongly Agree,Agree,Agree,Agree,Disagree,Strongly Agree,Agree,Agree,Strongly Agree,no
126,more than 35,Male,Student - Full time,Facebook,1-3 hours,Sometimes,Neutral,Neutral,Agree,Agree,Agree,Agree,Agree,Neutral,Agree,Agree,Agree,Agree,yes
127,18 - 24,Male,Non Students,Facebook,3-5 hours,Always,Agree,Agree,Strongly Agree,Strongly Agree,Agree,Agree,Agree,Neutral,Agree,Strongly Agree,Agree,Agree,yes
128,18 - 24,Female,Student - Full time,Facebook,1-3 hours,Rarely,Neutral,Disagree,Agree,Agree,Agree,Agree,Agree,Neutral,Strongly Agree,Agree,Agree,Agree,no
129,18 - 24,Male,Student - Full time,Whatsapp,Less than an hour,Sometimes,Agree,Agree,Agree,Agree,Agree,Agree,Agree,Neutral,Strongly Agree,Agree,Agree,Agree,no
130,18 - 24,Male,Student - Full time,Facebook,1-3 hours,Often,Agree,Agree,Agree,Agree,Agree,Agree,Agree,Neutral,Strongly Agree,Agree,Agree,Agree,no
131,18 - 24,Male,Student - Full time,Facebook,Less than an hour,Always,Agree,Agree,Agree,Strongly Agree,Agree,Agree,Agree,Neutral,Strongly Agree,Agree,Agree,Agree,no
132,18 - 24,Male,Student - Full time,Facebook,3-5 hours,Sometimes,Strongly Disagree,Strongly Disagree,Agree,Agree,Agree,Agree,Agree,Strongly Agree,Strongly Agree,Strongly Agree,Agree,Strongly Agree,no
133,18 - 24,Male,Student - Full time,Instagram,3-5 hours,Always,Neutral,Neutral,Agree,Strongly Agree,Agree,Agree,Agree,Agree,Agree,Agree,Strongly Agree,Agree,yes
134,18 - 24,Female,Student - Full time,Facebook,3-5 hours,Often,Agree,Agree,Agree,Agree,Agree,Agree,Agree,Agree,Agree,Neutral,Strongly Agree,Strongly Agree,no
135,18 - 24,Male,Student - Full time,Facebook,More than 5 hours,Rarely,Disagree,Disagree,Agree,Agree,Agree,Agree,Agree,Agree,Agree,Agree,Agree,Agree,no
136,18 - 24,Female,Student - Full time,Facebook,More than 5 hours,Sometimes,Strongly Disagree,Strongly Agree,Strongly Agree,Strongly Agree,Agree,Agree,Agree,Agree,Agree,Strongly Agree,Strongly Agree,Agree,no
137,18 - 24,Male,Student - Full time,YouTube,More than 5 hours,Always,Strongly Agree,Strongly Agree,Agree,Agree,Agree,Agree,Agree,Agree,Strongly Agree,Agree,Agree,Agree,yes
138,18 - 24,Female,Student - Full time,Facebook,3-5 hours,Sometimes,Agree,Agree,Agree,Agree,Agree,Agree,Agree,Disagree,Agree,Agree,Agree,Neutral,yes
139,18 - 24,Male,Student - Full time,Facebook,More than 5 hours,Often,Neutral,Agree,Strongly Agree,Strongly Agree,Agree,Agree,Agree,Disagree,Agree,Agree,Agree,Agree,yes
140,18 - 24,Male,Student - Full time,Facebook,1-3 hours,Sometimes,Agree,Strongly Agree,Agree,Agree,Agree,Agree,Agree,Disagree,Strongly Agree,Strongly Agree,Agree,Agree,no
141,18 - 24,Male,Student - Full time,Facebook,3-5 hours,Always,Strongly Agree,Strongly Agree,Agree,Agree,Agree,Agree,Agree,Disagree,Strongly Agree,Agree,Agree,Agree,no
142,18 - 24,Male,Student - Full time,Facebook,Less than an hour,Sometimes,Neutral,Neutral,Strongly Agree,Agree,Agree,Agree,Agree,Neutral,Agree,Agree,Neutral,Neutral,no
143,18 - 24,Female,Student - Full time,Facebook,1-3 hours,Often,Strongly Agree,Strongly Agree,Strongly Agree,Strongly Agree,Agree,Agree,Agree,Neutral,Strongly Agree,Strongly Agree,Agree,Strongly Agree,yes
144,18 - 24,Female,Student - Full time,Facebook,Less than an hour,Always,Strongly Agree,Strongly Agree,Agree,Agree,Agree,Agree,Disagree,Agree,Agree,Agree,Agree,Agree,yes
145,18 - 24,Male,Student - Full time,Facebook,1-3 hours,Sometimes,Neutral,Neutral,Agree,Agree,Agree,Agree,Disagree,Agree,Neutral,Agree,Agree,Agree,no
146,18 - 24,Male,Student - Full time,Facebook,Less than an hour,Sometimes,Neutral,Neutral,Agree,Agree,Agree,Agree,Disagree,Disagree,Disagree,Agree,Agree,Agree,no
147,18 - 24,Male,Student - Full time,Facebook,3-5 hours,Often,Disagree,Neutral,Disagree,Agree,Agree,Agree,Disagree,Disagree,Agree,Agree,Strongly Agree,Agree,yes
148,18 - 24,Male,Student - Full time,Facebook,1-3 hours,Always,Strongly Agree,Strongly Agree,Agree,Agree,Agree,Agree,Disagree,Neutral,Strongly Agree,Neutral,Strongly Agree,Agree,no
149,18 - 24,Male,Student - Part time or Distance Learning,YouTube,3-5 hours,Rarely,Strongly Disagree,Disagree,Strongly Agree,Strongly Agree,Agree,Agree,Disagree,Disagree,Disagree,Agree,Agree,Agree,yes
150,18 - 24,Male,Student - Full time,Facebook,3-5 hours,Always,Strongly Agree,Strongly Agree,Strongly Agree,Strongly Agree,Agree,Agree,Disagree,Disagree,Strongly Agree,Agree,Agree,Agree,yes
151,18 - 24,Male,Student - Full time,Facebook,More than 5 hours,Sometimes,Strongly Agree,Strongly Agree,Strongly Agree,Strongly Agree,Agree,Agree,Neutral,Agree,Agree,Agree,Strongly Agree,Strongly Agree,yes
152,18 - 24,Male,Student - Full time,YouTube,More than 5 hours,Rarely,Agree,Agree,Agree,Agree,Agree,Agree,Neutral,Agree,Agree,Agree,Agree,Agree,no
153,18 - 24,Female,Student - Full time,Facebook,Less than an hour,Sometimes,Strongly Agree,Strongly Agree,Agree,Agree,Agree,Agree,Neutral,Agree,Agree,Agree,Agree,Agree,no
154,18 - 24,Male,Non Students,Facebook,3-5 hours,Often,Agree,Agree,Strongly Agree,Agree,Agree,Agree,Neutral,Agree,Strongly Agree,Disagree,Agree,Agree,no
155,18 - 24,Male,Student - Full time,Facebook,More than 5 hours,Rarely,Strongly Disagree,Strongly Disagree,Agree,Agree,Agree,Agree,Neutral,Disagree,Agree,Agree,Agree,Agree,no
156,more than 35,Male,Student - Full time,Others,1-3 hours,Rarely,Disagree,Disagree,Strongly Agree,Strongly Agree,Agree,Agree,Neutral,Disagree,Agree,Agree,Agree,Agree,yes
157,18 - 24,Female,Student - Full time,Whatsapp,1-3 hours,Often,Agree,Agree,Agree,Agree,Agree,Agree,Neutral,Disagree,Strongly Agree,Disagree,Agree,Agree,yes
158,18 - 24,Female,Student - Full time,Facebook,1-3 hours,Often,Agree,Agree,Strongly Agree,Strongly Agree,Agree,Agree,Neutral,Disagree,Strongly Agree,Strongly Agree,Strongly Agree,Agree,yes
159,18 - 24,Female,Student - Full time,YouTube,3-5 hours,Often,Strongly Agree,Strongly Agree,Agree,Agree,Agree,Agree,Neutral,Neutral,Agree,Agree,Agree,Agree,yes
160,18 - 24,Male,Student - Full time,Facebook,3-5 hours,Sometimes,Strongly Agree,Neutral,Neutral,Agree,Agree,Agree,Neutral,Neutral,Agree,Disagree,Agree,Agree,no
161,18 - 24,Female,Student - Full time,Facebook,1-3 hours,Often,Agree,Agree,Strongly Agree,Strongly Agree,Agree,Agree,Neutral,Neutral,Agree,Strongly Agree,Strongly Agree,Agree,yes
162,18 - 24,Female,Student - Full time,Facebook,3-5 hours,Often,Strongly Agree,Strongly Agree,Strongly Agree,Strongly Agree,Agree,Agree,Neutral,Neutral,Agree,Agree,Strongly Agree,Neutral,yes
163,18 - 24,Female,Student - Full time,YouTube,3-5 hours,Rarely,Neutral,Agree,Agree,Agree,Agree,Agree,Neutral,Neutral,Strongly Agree,Neutral,Agree,Agree,yes
164,18 - 24,Female,Student - Part time or Distance Learning,Facebook,1-3 hours,Often,Neutral,Agree,Agree,Agree,Agree,Agree,Neutral,Neutral,Agree,Agree,Agree,Neutral,no
165,18 - 24,Male,Student - Full time,Facebook,1-3 hours,Often,Agree,Agree,Agree,Agree,Agree,Agree,Neutral,Neutral,Agree,Neutral,Agree,Agree,no
166,18 - 24,Female,Student - Full time,YouTube,More than 5 hours,Sometimes,Agree,Strongly Agree,Neutral,Neutral,Agree,Agree,Neutral,Agree,Strongly Agree,Strongly Agree,Agree,Neutral,yes
167,more than 35,Male,Student - Full time,Facebook,Less than an hour,Rarely,Disagree,Neutral,Agree,Agree,Agree,Agree,Neutral,Agree,Agree,Agree,Agree,Agree,yes
168,18 - 24,Male,Student - Full time,YouTube,3-5 hours,Always,Strongly Agree,Agree,Agree,Strongly Agree,Agree,Agree,Neutral,Agree,Strongly Agree,Neutral,Strongly Agree,Strongly Agree,yes
169,18 - 24,Male,Student - Full time,Facebook,1-3 hours,Always,Neutral,Strongly Agree,Neutral,Neutral,Agree,Agree,Neutral,Disagree,Strongly Agree,Neutral,Neutral,Neutral,yes
170,18 - 24,Female,Student - Full time,Facebook,3-5 hours,Always,Strongly Agree,Strongly Agree,Neutral,Neutral,Agree,Agree,Neutral,Neutral,Strongly Agree,Neutral,Agree,Strongly Agree,no
171,18 - 24,Male,Student - Full time,Facebook,1-3 hours,Sometimes,Agree,Agree,Agree,Agree,Agree,Agree,Neutral,Agree,Agree,Agree,Agree,Agree,no
172,18 - 24,Female,Student - Full time,Facebook,More than 5 hours,Always,Strongly Agree,Strongly Agree,Agree,Agree,Agree,Agree,Neutral,Agree,Agree,Neutral,Neutral,Agree,yes
173,18 - 24,Female,Student - Full time,Facebook,3-5 hours,Often,Agree,Agree,Agree,Agree,Agree,Agree,Neutral,Agree,Agree,Strongly Agree,Strongly Agree,Strongly Agree,yes
174,18 - 24,Male,Student - Full time,Facebook,1-3 hours,Sometimes,Strongly Agree,Strongly Agree,Strongly Agree,Strongly Agree,Agree,Agree,Neutral,Agree,Strongly Agree,Agree,Agree,Agree,no
175,18 - 24,Male,Student - Full time,Facebook,1-3 hours,Often,Agree,Strongly Agree,Strongly Agree,Strongly Agree,Agree,Agree,Neutral,Disagree,Agree,Neutral,Agree,Neutral,yes
176,18 - 24,Male,Non Students,Facebook,Less than an hour,Sometimes,Disagree,Agree,Strongly Agree,Strongly Agree,Agree,Agree,Neutral,Disagree,Neutral,Strongly Agree,Strongly Agree,Strongly Agree,yes
177,18 - 24,Male,Student - Full time,Facebook,1-3 hours,Sometimes,Agree,Agree,Agree,Strongly Agree,Agree,Agree,Neutral,Disagree,Agree,Neutral,Agree,Agree,yes
178,18 - 24,Male,Non Students,Facebook,More than 5 hours,Always,Strongly Agree,Strongly Agree,Agree,Agree,Agree,Agree,Neutral,Disagree,Disagree,Agree,Agree,Agree,yes
179,25-34,Male,Student - Full time,Facebook,Less than an hour,Sometimes,Neutral,Neutral,Strongly Agree,Agree,Agree,Agree,Neutral,Disagree,Strongly Agree,Strongly Agree,Strongly Agree,Strongly Agree,no
180,18 - 24,Male,Student - Full time,Instagram,1-3 hours,Often,Strongly Agree,Strongly Agree,Agree,Agree,Agree,Agree,Neutral,Neutral,Agree,Strongly Agree,Agree,Agree,yes
181,18 - 24,Male,Student - Full time,Facebook,Less than an hour,Rarely,Agree,Agree,Agree,Agree,Agree,Agree,Neutral,Neutral,Strongly Agree,Agree,Agree,Agree,yes
182,25-34,Male,Student - Full time,Facebook,Less than an hour,Sometimes,Strongly Agree,Strongly Agree,Disagree,Agree,Agree,Agree,Neutral,Neutral,Agree,Agree,Agree,Agree,no
183,18 - 24,Female,Student - Full time,Facebook,3-5 hours,Rarely,Disagree,Disagree,Agree,Strongly Agree,Agree,Agree,Neutral,Neutral,Neutral,Agree,Agree,Agree,no
184,18 - 24,Male,Student - Full time,YouTube,3-5 hours,Sometimes,Agree,Agree,Agree,Agree,Agree,Agree,Neutral,Neutral,Neutral,Neutral,Neutral,Neutral,yes
185,25-34,Male,Non Students,Facebook,1-3 hours,Sometimes,Agree,Agree,Agree,Agree,Agree,Agree,Neutral,Neutral,Strongly Agree,Agree,Agree,Agree,no
186,18 - 24,Female,Student - Full time,Facebook,1-3 hours,Often,Strongly Agree,Strongly Agree,Agree,Agree,Agree,Agree,Neutral,Neutral,Strongly Agree,Agree,Agree,Agree,yes
187,18 - 24,Female,Student - Full time,Facebook,1-3 hours,Sometimes,Agree,Agree,Strongly Agree,Strongly Agree,Agree,Agree,Neutral,Neutral,Strongly Agree,Strongly Agree,Strongly Agree,Strongly Agree,no
188,18 - 24,Male,Student - Full time,Facebook,1-3 hours,Sometimes,Strongly Agree,Strongly Agree,Agree,Strongly Agree,Agree,Agree,Neutral,Strongly Disagree,Strongly Agree,Agree,Agree,Strongly Agree,yes
189,25-34,Male,Student - Full time,Facebook,1-3 hours,Rarely,Strongly Agree,Strongly Agree,Agree,Agree,Agree,Agree,Neutral,Disagree,Agree,Agree,Agree,Agree,no
190,18 - 24,Female,Non Students,Facebook,1-3 hours,Sometimes,Strongly Agree,Agree,Agree,Strongly Agree,Agree,Agree,Neutral,Neutral,Neutral,Agree,Agree,Agree,yes
191,25-34,Male,Non Students,YouTube,1-3 hours,Rarely,Neutral,Neutral,Agree,Strongly Agree,Agree,Agree,Neutral,Neutral,Neutral,Agree,Agree,Agree,yes
192,18 - 24,Female,Student - Full time,Facebook,1-3 hours,Always,Strongly Agree,Strongly Agree,Agree,Agree,Agree,Agree,Strongly Agree,Agree,Agree,Agree,Agree,Agree,yes
193,18 - 24,Female,Student - Full time,Twitter,3-5 hours,Rarely,Disagree,Neutral,Agree,Strongly Agree,Agree,Agree,Strongly Agree,Agree,Strongly Agree,Agree,Strongly Agree,Strongly Agree,no
194,18 - 24,Female,Student - Full time,YouTube,1-3 hours,Sometimes,Agree,Agree,Strongly Agree,Strongly Agree,Agree,Agree,Strongly Agree,Neutral,Strongly Agree,Agree,Strongly Agree,Strongly Agree,no
195,18 - 24,Male,Student - Full time,YouTube,1-3 hours,Sometimes,Agree,Agree,Agree,Strongly Agree,Agree,Agree,Strongly Agree,Neutral,Agree,Agree,Agree,Agree,yes
196,25-34,Male,Student - Full time,Facebook,1-3 hours,Sometimes,Neutral,Neutral,Strongly Agree,Strongly Agree,Agree,Agree,Strongly Agree,Strongly Agree,Agree,Agree,Agree,Agree,yes
197,18 - 24,Female,Student - Full time,Facebook,3-5 hours,Always,Agree,Neutral,Agree,Agree,Agree,Disagree,Disagree,Agree,Agree,Agree,Agree,Agree,yes
198,25-34,Male,Student - Full time,Facebook,1-3 hours,Rarely,Strongly Agree,Strongly Agree,Agree,Agree,Agree,Neutral,Agree,Agree,Disagree,Strongly Agree,Strongly Agree,Strongly Agree,yes
199,18 - 24,Male,Student - Full time,Facebook,3-5 hours,Often,Agree,Strongly Agree,Neutral,Neutral,Agree,Neutral,Agree,Agree,Strongly Agree,Strongly Agree,Agree,Strongly Agree,no
200,18 - 24,Female,Student - Full time,Facebook,1-3 hours,Often,Agree,Strongly Agree,Neutral,Disagree,Agree,Neutral,Agree,Agree,Strongly Agree,Agree,Strongly Agree,Agree,no
201,18 - 24,Male,Student - Full time,Facebook,More than 5 hours,Always,Strongly Agree,Strongly Agree,Strongly Agree,Agree,Agree,Neutral,Agree,Agree,Strongly Agree,Neutral,Strongly Agree,Agree,no
202,18 - 24,Male,Student - Full time,Facebook,3-5 hours,Often,Neutral,Neutral,Agree,Strongly Agree,Agree,Neutral,Agree,Neutral,Agree,Agree,Agree,Agree,no
203,25-34,Male,Student - Full time,Facebook,1-3 hours,Rarely,Disagree,Neutral,Agree,Agree,Agree,Neutral,Agree,Disagree,Strongly Agree,Strongly Agree,Strongly Agree,Agree,yes
204,18 - 24,Male,Student - Full time,Others,1-3 hours,Never,Strongly Disagree,Strongly Disagree,Agree,Agree,Agree,Neutral,Agree,Agree,Agree,Strongly Agree,Agree,Strongly Agree,yes
205,18 - 24,Female,Student - Full time,Others,1-3 hours,Never,Strongly Disagree,Strongly Disagree,Agree,Agree,Agree,Neutral,Agree,Disagree,Strongly Agree,Strongly Agree,Strongly Agree,Strongly Agree,yes
206,18 - 24,Male,Student - Full time,Facebook,1-3 hours,Rarely,Disagree,Agree,Agree,Agree,Agree,Neutral,Disagree,Disagree,Strongly Agree,Agree,Neutral,Neutral,yes
207,18 - 24,Female,Student - Full time,Facebook,3-5 hours,Often,Strongly Agree,Strongly Agree,Strongly Agree,Strongly Agree,Agree,Neutral,Disagree,Neutral,Strongly Agree,Neutral,Neutral,Neutral,no
208,more than 35,Female,Student - Full time,Facebook,Less than an hour,Always,Strongly Agree,Strongly Agree,Agree,Agree,Agree,Neutral,Neutral,Agree,Agree,Neutral,Agree,Agree,yes
209,18 - 24,Female,Student - Full time,YouTube,Less than an hour,Sometimes,Neutral,Neutral,Neutral,Agree,Agree,Neutral,Neutral,Disagree,Agree,Neutral,Agree,Agree,no
210,18 - 24,Male,Student - Full time,Facebook,Less than an hour,Rarely,Neutral,Agree,Agree,Agree,Agree,Neutral,Neutral,Disagree,Strongly Agree,Neutral,Agree,Neutral,no
211,18 - 24,Male,Student - Full time,Facebook,1-3 hours,Always,Strongly Agree,Strongly Agree,Neutral,Agree,Agree,Neutral,Neutral,Neutral,Agree,Agree,Neutral,Agree,yes
212,18 - 24,Male,Student - Full time,YouTube,More than 5 hours,Always,Neutral,Agree,Strongly Agree,Strongly Agree,Agree,Neutral,Neutral,Neutral,Strongly Agree,Agree,Agree,Neutral,yes
213,18 - 24,Male,Student - Full time,Facebook,3-5 hours,Often,Agree,Strongly Agree,Agree,Strongly Agree,Agree,Strongly Agree,Agree,Agree,Agree,Strongly Agree,Agree,Agree,no
214,18 - 24,Male,Student - Full time,Facebook,1-3 hours,Always,Strongly Agree,Agree,Strongly Agree,Strongly Agree,Agree,Strongly Agree,Agree,Agree,Strongly Agree,Agree,Strongly Agree,Agree,no
215,18 - 24,Male,Student - Full time,Facebook,1-3 hours,Sometimes,Strongly Agree,Agree,Strongly Agree,Agree,Agree,Strongly Agree,Agree,Agree,Neutral,Agree,Agree,Agree,yes
216,25-34,Female,Student - Full time,YouTube,1-3 hours,Rarely,Agree,Strongly Disagree,Agree,Agree,Agree,Strongly Agree,Agree,Agree,Neutral,Neutral,Neutral,Neutral,yes
217,18 - 24,Female,Student - Full time,Facebook,3-5 hours,Often,Agree,Agree,Strongly Agree,Strongly Agree,Agree,Strongly Agree,Agree,Agree,Neutral,Strongly Agree,Strongly Agree,Strongly Agree,no
218,18 - 24,Male,Non Students,Facebook,3-5 hours,Sometimes,Neutral,Neutral,Strongly Agree,Strongly Agree,Agree,Strongly Agree,Agree,Agree,Strongly Agree,Agree,Agree,Agree,yes
219,18 - 24,Female,Student - Full time,YouTube,1-3 hours,Rarely,Agree,Strongly Agree,Strongly Agree,Strongly Agree,Agree,Strongly Agree,Agree,Agree,Strongly Agree,Strongly Agree,Agree,Strongly Agree,yes
220,18 - 24,Female,Student - Full time,YouTube,3-5 hours,Always,Agree,Strongly Agree,Strongly Agree,Strongly Agree,Agree,Strongly Agree,Agree,Agree,Strongly Agree,Strongly Agree,Strongly Agree,Strongly Agree,yes
221,25-34,Male,Student - Part time or Distance Learning,Facebook,Less than an hour,Sometimes,Agree,Agree,Agree,Agree,Agree,Strongly Agree,Agree,Disagree,Agree,Agree,Agree,Agree,yes
222,18 - 24,Female,Student - Full time,Facebook,3-5 hours,Sometimes,Agree,Agree,Strongly Agree,Strongly Agree,Agree,Strongly Agree,Agree,Disagree,Strongly Agree,Strongly Agree,Strongly Agree,Strongly Agree,yes
223,18 - 24,Male,Student - Full time,Facebook,3-5 hours,Sometimes,Agree,Strongly Agree,Strongly Agree,Strongly Agree,Agree,Strongly Agree,Agree,Disagree,Strongly Agree,Strongly Agree,Strongly Agree,Strongly Agree,no
224,18 - 24,Female,Student - Full time,Facebook,More than 5 hours,Always,Strongly Agree,Strongly Agree,Strongly Agree,Strongly Agree,Agree,Strongly Agree,Agree,Disagree,Agree,Strongly Agree,Strongly Agree,Strongly Agree,yes
225,more than 35,Male,Student - Full time,Facebook,1-3 hours,Often,Agree,Agree,Strongly Agree,Strongly Agree,Agree,Strongly Agree,Agree,Disagree,Disagree,Neutral,Agree,Neutral,yes
226,25-34,Male,Student - Full time,Facebook,3-5 hours,Sometimes,Strongly Agree,Strongly Agree,Neutral,Neutral,Agree,Strongly Agree,Agree,Disagree,Agree,Neutral,Neutral,Neutral,yes
227,18 - 24,Female,Student - Full time,Facebook,3-5 hours,Often,Strongly Agree,Strongly Agree,Strongly Agree,Strongly Agree,Agree,Strongly Agree,Agree,Disagree,Agree,Strongly Agree,Strongly Agree,Agree,no
228,more than 35,Male,Student - Full time,Facebook,1-3 hours,Often,Strongly Agree,Strongly Agree,Strongly Agree,Strongly Agree,Agree,Strongly Agree,Agree,Disagree,Agree,Strongly Agree,Strongly Agree,Strongly Agree,no
229,more than 35,Female,Student - Full time,Facebook,1-3 hours,Always,Strongly Agree,Strongly Agree,Strongly Agree,Strongly Agree,Agree,Strongly Agree,Agree,Disagree,Strongly Agree,Agree,Strongly Agree,Agree,yes
230,18 - 24,Male,Student - Full time,Facebook,1-3 hours,Rarely,Neutral,Agree,Strongly Agree,Strongly Agree,Agree,Strongly Agree,Agree,Disagree,Strongly Agree,Neutral,Strongly Agree,Strongly Agree,no
231,25-34,Female,Non Students,Facebook,Less than an hour,Often,Agree,Agree,Strongly Agree,Strongly Agree,Agree,Strongly Agree,Agree,Disagree,Strongly Agree,Strongly Agree,Strongly Agree,Strongly Agree,no
232,18 - 24,Male,Student - Full time,Facebook,More than 5 hours,Sometimes,Agree,Agree,Agree,Strongly Agree,Agree,Strongly Agree,Agree,Neutral,Strongly Agree,Strongly Agree,Strongly Agree,Strongly Agree,no
233,more than 35,Male,Student - Full time,Facebook,Less than an hour,Sometimes,Neutral,Neutral,Strongly Agree,Strongly Agree,Agree,Strongly Agree,Agree,Neutral,Neutral,Strongly Agree,Agree,Agree,yes
234,18 - 24,Male,Student - Full time,Facebook,1-3 hours,Always,Strongly Agree,Agree,Agree,Strongly Agree,Agree,Strongly Agree,Agree,Neutral,Agree,Agree,Agree,Agree,yes
235,18 - 24,Male,Student - Full time,Facebook,1-3 hours,Often,Neutral,Neutral,Strongly Agree,Strongly Agree,Agree,Strongly Agree,Agree,Neutral,Strongly Agree,Agree,Agree,Agree,yes
236,more than 35,Male,Student - Full time,Facebook,3-5 hours,Always,Strongly Agree,Strongly Agree,Agree,Strongly Agree,Agree,Strongly Agree,Agree,Strongly Agree,Agree,Agree,Strongly Agree,Strongly Agree,no
237,18 - 24,Male,Student - Full time,Facebook,1-3 hours,Often,Agree,Agree,Neutral,Agree,Agree,Strongly Agree,Agree,Disagree,Strongly Agree,Strongly Agree,Strongly Agree,Agree,yes
238,more than 35,Male,Student - Full time,Facebook,1-3 hours,Often,Agree,Agree,Agree,Strongly Agree,Agree,Strongly Agree,Agree,Neutral,Agree,Agree,Strongly Agree,Strongly Agree,no
239,25-34,Male,Student - Full time,Facebook,1-3 hours,Often,Agree,Agree,Strongly Agree,Strongly Agree,Agree,Strongly Agree,Agree,Neutral,Strongly Agree,Agree,Agree,Neutral,yes
240,25-34,Male,Student - Full time,Facebook,1-3 hours,Sometimes,Agree,Neutral,Strongly Agree,Strongly Agree,Agree,Strongly Agree,Agree,Agree,Agree,Neutral,Agree,Agree,no
241,18 - 24,Female,Student - Full time,YouTube,More than 5 hours,Always,Strongly Agree,Strongly Agree,Strongly Agree,Strongly Agree,Agree,Strongly Agree,Agree,Agree,Strongly Agree,Agree,Strongly Agree,Strongly Agree,no
242,25-34,Female,Student - Full time,Facebook,1-3 hours,Sometimes,Agree,Agree,Strongly Agree,Strongly Agree,Agree,Strongly Agree,Agree,Agree,Agree,Agree,Agree,Strongly Agree,no
243,18 - 24,Male,Student - Full time,Facebook,3-5 hours,Always,Agree,Agree,Strongly Agree,Strongly Agree,Agree,Strongly Agree,Agree,Disagree,Strongly Agree,Strongly Agree,Strongly Agree,Strongly Agree,yes
244,18 - 24,Male,Student - Full time,Facebook,1-3 hours,Sometimes,Agree,Agree,Strongly Agree,Strongly Agree,Agree,Strongly Agree,Agree,Neutral,Strongly Agree,Agree,Neutral,Neutral,no
245,more than 35,Male,Student - Full time,Facebook,1-3 hours,Often,Agree,Strongly Agree,Strongly Agree,Strongly Agree,Agree,Strongly Agree,Agree,Neutral,Disagree,Agree,Agree,Agree,no
246,25-34,Female,Student - Full time,Facebook,1-3 hours,Often,Strongly Agree,Strongly Agree,Strongly Agree,Strongly Agree,Agree,Strongly Agree,Agree,Neutral,Strongly Agree,Agree,Agree,Agree,no
247,18 - 24,Male,Student - Full time,YouTube,Less than an hour,Rarely,Disagree,Disagree,Strongly Agree,Strongly Agree,Agree,Strongly Agree,Agree,Neutral,Agree,Strongly Agree,Strongly Agree,Strongly Agree,yes
248,18 - 24,Female,Student - Full time,Facebook,1-3 hours,Rarely,Disagree,Disagree,Strongly Agree,Strongly Agree,Agree,Strongly Agree,Agree,Strongly Agree,Neutral,Agree,Agree,Agree,yes
249,more than 35,Male,Student - Full time,Facebook,1-3 hours,Sometimes,Agree,Agree,Strongly Agree,Strongly Agree,Agree,Strongly Agree,Agree,Strongly Agree,Strongly Agree,Strongly Agree,Strongly Agree,Strongly Agree,yes
250,25-34,Male,Student - Full time,Facebook,3-5 hours,Always,Strongly Agree,Neutral,Agree,Agree,Agree,Strongly Agree,Disagree,Agree,Strongly Agree,Disagree,Disagree,Agree,no
251,18 - 24,Male,Student - Full time,YouTube,Less than an hour,Rarely,Strongly Disagree,Disagree,Neutral,Agree,Agree,Strongly Agree,Disagree,Agree,Strongly Agree,Agree,Neutral,Neutral,no
252,18 - 24,Female,Student - Full time,Facebook,More than 5 hours,Always,Strongly Agree,Strongly Agree,Strongly Agree,Strongly Agree,Agree,Strongly Agree,Neutral,Disagree,Agree,Strongly Agree,Agree,Agree,no
253,more than 35,Male,Student - Full time,Viber,Less than an hour,Rarely,Neutral,Strongly Agree,Strongly Agree,Strongly Agree,Agree,Strongly Agree,Neutral,Disagree,Agree,Agree,Agree,Agree,no
254,more than 35,Male,Student - Full time,Facebook,1-3 hours,Often,Agree,Agree,Agree,Agree,Agree,Strongly Agree,Neutral,Disagree,Disagree,Strongly Agree,Strongly Agree,Strongly Agree,yes
255,18 - 24,Male,Student - Full time,Facebook,1-3 hours,Always,Strongly Agree,Strongly Agree,Strongly Agree,Strongly Agree,Agree,Strongly Agree,Neutral,Neutral,Agree,Neutral,Strongly Agree,Agree,no
256,18 - 24,Female,Student - Full time,Facebook,1-3 hours,Often,Agree,Agree,Strongly Agree,Strongly Agree,Agree,Strongly Agree,Neutral,Neutral,Strongly Agree,Agree,Agree,Agree,no
257,18 - 24,Male,Student - Full time,Facebook,3-5 hours,Often,Agree,Neutral,Agree,Agree,Agree,Strongly Agree,Neutral,Disagree,Agree,Agree,Neutral,Neutral,yes
258,18 - 24,Male,Student - Full time,YouTube,3-5 hours,Rarely,Agree,Neutral,Strongly Agree,Strongly Agree,Agree,Strongly Agree,Neutral,Agree,Strongly Agree,Strongly Agree,Agree,Agree,no
259,18 - 24,Female,Student - Full time,YouTube,3-5 hours,Sometimes,Strongly Agree,Strongly Agree,Agree,Agree,Agree,Strongly Agree,Neutral,Agree,Strongly Agree,Strongly Agree,Agree,Neutral,yes
260,25-34,Male,Student - Full time,Facebook,1-3 hours,Sometimes,Neutral,Disagree,Agree,Agree,Agree,Strongly Agree,Neutral,Neutral,Strongly Agree,Strongly Agree,Agree,Agree,yes
261,more than 35,Male,Student - Full time,Facebook,1-3 hours,Always,Agree,Agree,Agree,Agree,Agree,Strongly Agree,Strongly Agree,Agree,Agree,Strongly Agree,Strongly Agree,Strongly Agree,no
262,25-34,Male,Student - Full time,Facebook,1-3 hours,Often,Agree,Agree,Strongly Agree,Strongly Agree,Agree,Strongly Agree,Strongly Agree,Agree,Strongly Agree,Agree,Strongly Agree,Strongly Agree,yes
263,18 - 24,Female,Student - Full time,YouTube,Less than an hour,Sometimes,Strongly Agree,Agree,Strongly Agree,Agree,Agree,Strongly Agree,Strongly Agree,Agree,Agree,Strongly Agree,Strongly Agree,Agree,yes
264,18 - 24,Male,Student - Full time,YouTube,More than 5 hours,Always,Agree,Agree,Strongly Agree,Strongly Agree,Agree,Strongly Agree,Strongly Agree,Disagree,Agree,Strongly Agree,Strongly Agree,Agree,yes
265,18 - 24,Male,Student - Full time,YouTube,1-3 hours,Sometimes,Agree,Strongly Agree,Strongly Agree,Strongly Agree,Agree,Strongly Agree,Strongly Agree,Disagree,Agree,Strongly Agree,Strongly Agree,Agree,yes
266,25-34,Female,Student - Full time,Facebook,Less than an hour,Sometimes,Neutral,Neutral,Strongly Agree,Strongly Agree,Agree,Strongly Agree,Strongly Agree,Neutral,Agree,Agree,Strongly Agree,Strongly Agree,no
267,18 - 24,Male,Student - Full time,Facebook,Less than an hour,Sometimes,Disagree,Agree,Strongly Agree,Agree,Agree,Strongly Agree,Strongly Agree,Neutral,Strongly Agree,Strongly Agree,Strongly Agree,Strongly Agree,no
268,18 - 24,Male,Student - Part time or Distance Learning,Facebook,1-3 hours,Sometimes,Neutral,Neutral,Strongly Agree,Strongly Agree,Agree,Strongly Agree,Strongly Agree,Strongly Agree,Neutral,Strongly Agree,Strongly Agree,Strongly Agree,yes
269,25-34,Male,Student - Full time,Facebook,Less than an hour,Sometimes,Agree,Agree,Strongly Agree,Strongly Agree,Agree,Strongly Agree,Strongly Agree,Strongly Agree,Strongly Agree,Strongly Agree,Strongly Agree,Agree,no
270,18 - 24,Female,Student - Full time,Facebook,1-3 hours,Always,Strongly Agree,Strongly Agree,Neutral,Agree,Agree,Strongly Agree,Strongly Disagree,Agree,Strongly Agree,Agree,Agree,Agree,yes
271,25-34,Male,Student - Full time,Facebook,1-3 hours,Sometimes,Neutral,Neutral,Strongly Agree,Strongly Agree,Agree,Strongly Disagree,Agree,Agree,Neutral,Agree,Agree,Agree,no
272,25-34,Male,Student - Full time,Facebook,1-3 hours,Often,Neutral,Disagree,Neutral,Neutral,Agree,Agree,Neutral,Neutral,Agree,Agree,Neutral,Agree,yes
273,18 - 24,Male,Student - Full time,Facebook,1-3 hours,Always,Strongly Agree,Strongly Agree,Agree,Agree,Agree,Neutral,Agree,Agree,Strongly Agree,Agree,Agree,Neutral,yes
274,more than 35,Male,Student - Full time,Facebook,1-3 hours,Often,Neutral,Agree,Agree,Agree,Agree,Agree,Agree,Agree,Agree,Agree,Agree,Agree,yes
275,18 - 24,Male,Student - Full time,Facebook,1-3 hours,Always,Strongly Agree,Strongly Agree,Strongly Agree,Strongly Agree,Agree,Agree,Agree,Agree,Strongly Agree,Agree,Agree,Agree,no
276,18 - 24,Male,Student - Full time,Facebook,1-3 hours,Rarely,Disagree,Disagree,Agree,Agree,Agree,Agree,Agree,Agree,Neutral,Neutral,Agree,Agree,no
277,25-34,Male,Student - Full time,Facebook,1-3 hours,Sometimes,Agree,Neutral,Agree,Agree,Agree,Agree,Agree,Neutral,Strongly Agree,Agree,Agree,Agree,yes
278,18 - 24,Female,Student - Full time,Instagram,Less than an hour,Rarely,Disagree,Neutral,Strongly Agree,Strongly Agree,Agree,Agree,Agree,Neutral,Strongly Agree,Agree,Agree,Agree,yes
279,more than 35,Female,Student - Full time,Facebook,1-3 hours,Sometimes,Agree,Agree,Agree,Agree,Agree,Agree,Agree,Agree,Agree,Agree,Agree,Agree,no
280,18 - 24,Female,Student - Full time,Facebook,3-5 hours,Sometimes,Neutral,Neutral,Strongly Agree,Agree,Agree,Agree,Agree,Disagree,Strongly Agree,Neutral,Agree,Agree,yes
281,18 - 24,Male,Student - Full time,Facebook,Less than an hour,Sometimes,Neutral,Neutral,Agree,Agree,Agree,Agree,Agree,Neutral,Agree,Agree,Neutral,Neutral,no
282,25-34,Male,Student - Full time,Facebook,1-3 hours,Sometimes,Agree,Agree,Strongly Agree,Agree,Agree,Agree,Agree,Neutral,Neutral,Agree,Agree,Agree,no
283,18 - 24,Male,Student - Full time,YouTube,1-3 hours,Often,Agree,Agree,Agree,Strongly Agree,Agree,Agree,Agree,Strongly Agree,Agree,Neutral,Agree,Neutral,no
284,25-34,Male,Student - Full time,Facebook,3-5 hours,Sometimes,Strongly Agree,Agree,Strongly Agree,Agree,Agree,Agree,Disagree,Disagree,Agree,Agree,Agree,Agree,no
285,25-34,Male,Student - Full time,Facebook,1-3 hours,Rarely,Agree,Agree,Neutral,Strongly Agree,Agree,Agree,Disagree,Strongly Agree,Strongly Agree,Agree,Neutral,Agree,no
286,18 - 24,Female,Student - Full time,Instagram,3-5 hours,Always,Agree,Agree,Agree,Neutral,Agree,Agree,Neutral,Agree,Agree,Neutral,Agree,Agree,yes
287,25-34,Male,Student - Full time,Facebook,Less than an hour,Sometimes,Agree,Neutral,Strongly Agree,Strongly Agree,Agree,Agree,Neutral,Agree,Disagree,Agree,Agree,Agree,no
288,more than 35,Male,Student - Full time,Facebook,1-3 hours,Often,Strongly Agree,Agree,Agree,Agree,Agree,Agree,Neutral,Neutral,Strongly Agree,Agree,Agree,Neutral,yes
289,25-34,Male,Student - Full time,Facebook,1-3 hours,Often,Agree,Strongly Agree,Agree,Agree,Agree,Agree,Neutral,Disagree,Agree,Agree,Neutral,Agree,yes
290,18 - 24,Male,Student - Full time,YouTube,3-5 hours,Always,Strongly Agree,Strongly Agree,Agree,Agree,Agree,Agree,Neutral,Neutral,Strongly Agree,Neutral,Agree,Agree,no
291,18 - 24,Female,Student - Full time,YouTube,1-3 hours,Sometimes,Agree,Agree,Agree,Agree,Agree,Agree,Neutral,Strongly Agree,Strongly Agree,Agree,Agree,Agree,yes
292,18 - 24,Male,Student - Full time,Facebook,3-5 hours,Sometimes,Neutral,Neutral,Agree,Agree,Agree,Agree,Neutral,Strongly Agree,Strongly Agree,Neutral,Neutral,Strongly Agree,no
293,18 - 24,Female,Student - Full time,Facebook,1-3 hours,Sometimes,Neutral,Agree,Disagree,Agree,Agree,Disagree,Disagree,Agree,Agree,Neutral,Agree,Disagree,no
294,more than 35,Male,Student - Full time,Facebook,1-3 hours,Always,Agree,Agree,Strongly Agree,Strongly Agree,Agree,Disagree,Disagree,Disagree,Strongly Agree,Agree,Strongly Agree,Strongly Agree,no
295,25-34,Male,Student - Full time,Facebook,3-5 hours,Sometimes,Agree,Agree,Agree,Agree,Agree,Neutral,Agree,Agree,Disagree,Agree,Agree,Agree,yes
296,18 - 24,Female,Student - Full time,Facebook,3-5 hours,Often,Agree,Agree,Neutral,Agree,Agree,Neutral,Agree,Neutral,Strongly Agree,Strongly Agree,Agree,Agree,yes
297,18 - 24,Male,Student - Full time,Facebook,3-5 hours,Often,Agree,Agree,Agree,Agree,Agree,Neutral,Disagree,Neutral,Agree,Neutral,Neutral,Neutral,no
298,18 - 24,Female,Non Students,Facebook,3-5 hours,Always,Agree,Strongly Agree,Agree,Agree,Agree,Neutral,Disagree,Strongly Agree,Agree,Neutral,Agree,Neutral,no
299,more than 35,Male,Student - Full time,Facebook,Less than an hour,Sometimes,Agree,Agree,Neutral,Agree,Agree,Neutral,Neutral,Strongly Agree,Agree,Neutral,Neutral,Agree,yes
300,18 - 24,Female,Student - Full time,Facebook,1-3 hours,Always,Strongly Agree,Strongly Agree,Strongly Agree,Strongly Agree,Agree,Strongly Agree,Agree,Disagree,Strongly Agree,Neutral,Strongly Agree,Strongly Agree,no
301,18 - 24,Male,Student - Full time,Facebook,3-5 hours,Always,Agree,Agree,Strongly Agree,Strongly Agree,Agree,Strongly Agree,Agree,Neutral,Strongly Agree,Strongly Agree,Strongly Agree,Strongly Agree,yes
302,18 - 24,Male,Student - Full time,Facebook,1-3 hours,Rarely,Strongly Agree,Strongly Agree,Strongly Agree,Strongly Agree,Agree,Strongly Agree,Agree,Strongly Agree,Strongly Agree,Neutral,Neutral,Neutral,no
303,18 - 24,Female,Student - Full time,Facebook,3-5 hours,Sometimes,Disagree,Neutral,Strongly Agree,Strongly Agree,Agree,Strongly Agree,Agree,Disagree,Strongly Agree,Strongly Agree,Strongly Agree,Strongly Agree,yes
304,25-34,Male,Student - Full time,Facebook,1-3 hours,Always,Strongly Agree,Strongly Agree,Agree,Agree,Agree,Strongly Agree,Agree,Disagree,Strongly Agree,Strongly Agree,Agree,Agree,no
305,25-34,Male,Student - Full time,Whatsapp,More than 5 hours,Always,Strongly Agree,Strongly Agree,Agree,Strongly Agree,Agree,Strongly Agree,Disagree,Neutral,Strongly Agree,Neutral,Agree,Agree,no
306,25-34,Male,Student - Full time,Facebook,1-3 hours,Often,Neutral,Strongly Agree,Agree,Strongly Agree,Agree,Strongly Agree,Neutral,Disagree,Agree,Strongly Agree,Agree,Agree,yes
307,18 - 24,Male,Student - Full time,YouTube,3-5 hours,Often,Strongly Agree,Agree,Strongly Agree,Strongly Agree,Agree,Strongly Agree,Neutral,Neutral,Strongly Agree,Neutral,Agree,Agree,no
308,18 - 24,Female,Student - Full time,Facebook,More than 5 hours,Sometimes,Neutral,Neutral,Agree,Strongly Agree,Agree,Strongly Agree,Neutral,Neutral,Strongly Agree,Strongly Agree,Strongly Agree,Strongly Agree,no
309,18 - 24,Male,Student - Full time,YouTube,1-3 hours,Often,Strongly Agree,Strongly Agree,Agree,Agree,Agree,Agree,Agree,Agree,Agree,Agree,Agree,Agree,yes
310,25-34,Female,Student - Full time,Facebook,Less than an hour,Sometimes,Neutral,Neutral,Agree,Strongly Agree,Agree,Agree,Agree,Agree,Strongly Agree,Strongly Disagree,Strongly Agree,Strongly Agree,no
311,18 - 24,Male,Non Students,Facebook,3-5 hours,Sometimes,Strongly Agree,Strongly Agree,Strongly Agree,Strongly Agree,Agree,Agree,Agree,Disagree,Strongly Agree,Strongly Agree,Agree,Agree,no
312,25-34,Female,Student - Full time,YouTube,Less than an hour,Rarely,Neutral,Strongly Agree,Agree,Strongly Agree,Agree,Agree,Agree,Neutral,Strongly Agree,Strongly Agree,Strongly Agree,Agree,yes
313,25-34,Female,Student - Full time,Facebook,3-5 hours,Rarely,Neutral,Neutral,Agree,Strongly Agree,Agree,Agree,Agree,Agree,Disagree,Agree,Agree,Agree,no
314,25-34,Female,Student - Full time,Facebook,1-3 hours,Sometimes,Strongly Agree,Strongly Agree,Strongly Agree,Agree,Agree,Agree,Agree,Agree,Strongly Agree,Strongly Agree,Agree,Agree,yes
315,18 - 24,Male,Student - Full time,Facebook,3-5 hours,Often,Agree,Agree,Strongly Agree,Strongly Agree,Agree,Agree,Agree,Strongly Agree,Strongly Agree,Strongly Agree,Strongly Agree,Strongly Agree,yes
316,more than 35,Female,Student - Full time,Facebook,Less than an hour,Rarely,Strongly Disagree,Neutral,Strongly Agree,Agree,Agree,Agree,Disagree,Strongly Agree,Strongly Agree,Strongly Agree,Strongly Agree,Agree,yes
317,25-34,Female,Student - Full time,Facebook,3-5 hours,Often,Strongly Agree,Strongly Agree,Agree,Agree,Agree,Agree,Neutral,Agree,Agree,Neutral,Neutral,Strongly Agree,yes
318,18 - 24,Female,Student - Full time,YouTube,1-3 hours,Sometimes,Neutral,Neutral,Strongly Agree,Strongly Agree,Agree,Agree,Neutral,Disagree,Strongly Agree,Agree,Agree,Agree,no
319,18 - 24,Female,Student - Full time,Facebook,3-5 hours,Sometimes,Neutral,Disagree,Agree,Agree,Agree,Agree,Neutral,Neutral,Strongly Agree,Agree,Agree,Agree,yes
320,25-34,Male,Student - Full time,Facebook,1-3 hours,Sometimes,Agree,Neutral,Agree,Agree,Agree,Agree,Neutral,Neutral,Strongly Agree,Agree,Agree,Agree,no
321,25-34,Male,Non Students,Facebook,1-3 hours,Sometimes,Agree,Neutral,Agree,Agree,Agree,Agree,Neutral,Disagree,Strongly Agree,Strongly Agree,Strongly Agree,Strongly Agree,yes
322,18 - 24,Male,Student - Full time,Facebook,1-3 hours,Often,Agree,Agree,Strongly Agree,Strongly Agree,Agree,Agree,Neutral,Disagree,Strongly Agree,Strongly Agree,Strongly Agree,Strongly Agree,yes
323,more than 35,Male,Student - Full time,YouTube,1-3 hours,Sometimes,Agree,Agree,Strongly Agree,Strongly Agree,Agree,Agree,Strongly Agree,Disagree,Strongly Agree,Strongly Agree,Strongly Agree,Strongly Agree,no
324,more than 35,Male,Student - Full time,Whatsapp,1-3 hours,Rarely,Strongly Agree,Strongly Agree,Neutral,Disagree,Agree,Disagree,Agree,Neutral,Strongly Agree,Strongly Disagree,Neutral,Disagree,no
325,18 - 24,Male,Student - Full time,Facebook,3-5 hours,Always,Strongly Agree,Strongly Agree,Strongly Agree,Strongly Agree,Agree,Neutral,Agree,Disagree,Agree,Agree,Strongly Agree,Strongly Agree,no
326,18 - 24,Female,Student - Full time,YouTube,3-5 hours,Always,Strongly Agree,Strongly Agree,Strongly Agree,Strongly Agree,Agree,Strongly Agree,Agree,Agree,Strongly Agree,Strongly Agree,Strongly Agree,Strongly Agree,no
327,18 - 24,Male,Student - Part time or Distance Learning,Instagram,1-3 hours,Rarely,Strongly Agree,Strongly Agree,Agree,Agree,Agree,Strongly Agree,Agree,Disagree,Strongly Agree,Strongly Agree,Strongly Agree,Strongly Agree,yes
328,18 - 24,Female,Student - Full time,Facebook,1-3 hours,Always,Agree,Neutral,Strongly Agree,Agree,Agree,Strongly Agree,Agree,Disagree,Strongly Agree,Strongly Agree,Strongly Agree,Strongly Agree,yes
329,18 - 24,Female,Student - Full time,Facebook,More than 5 hours,Always,Strongly Agree,Strongly Agree,Strongly Agree,Strongly Agree,Agree,Strongly Agree,Agree,Disagree,Strongly Agree,Strongly Agree,Strongly Agree,Strongly Agree,yes
330,25-34,Male,Student - Full time,YouTube,Less than an hour,Often,Neutral,Agree,Strongly Agree,Strongly Agree,Agree,Strongly Agree,Agree,Disagree,Neutral,Neutral,Agree,Strongly Agree,yes
331,25-34,Male,Student - Full time,YouTube,1-3 hours,Rarely,Neutral,Neutral,Strongly Disagree,Agree,Agree,Strongly Agree,Disagree,Neutral,Neutral,Neutral,Agree,Strongly Agree,yes
332,25-34,Male,Student - Part time or Distance Learning,Facebook,Less than an hour,Often,Strongly Agree,Neutral,Strongly Agree,Strongly Agree,Agree,Strongly Agree,Neutral,Agree,Agree,Strongly Agree,Agree,Agree,yes
333,more than 35,Male,Student - Full time,Others,Less than an hour,Sometimes,Agree,Agree,Strongly Agree,Strongly Agree,Agree,Strongly Agree,Neutral,Neutral,Strongly Agree,Strongly Disagree,Strongly Agree,Strongly Agree,yes
334,18 - 24,Female,Student - Full time,Instagram,3-5 hours,Rarely,Disagree,Agree,Strongly Agree,Strongly Agree,Agree,Strongly Agree,Neutral,Agree,Strongly Agree,Neutral,Strongly Agree,Strongly Agree,no
335,18 - 24,Male,Student - Full time,Facebook,3-5 hours,Always,Strongly Agree,Strongly Agree,Strongly Agree,Strongly Agree,Agree,Strongly Agree,Strongly Agree,Disagree,Agree,Strongly Agree,Agree,Agree,yes
336,18 - 24,Male,Student - Full time,Whatsapp,Less than an hour,Never,Strongly Disagree,Strongly Disagree,Strongly Agree,Strongly Agree,Agree,Strongly Agree,Strongly Agree,Neutral,Strongly Agree,Agree,Strongly Agree,Agree,yes
337,25-34,Male,Student - Full time,YouTube,1-3 hours,Sometimes,Neutral,Neutral,Strongly Agree,Strongly Agree,Agree,Strongly Agree,Strongly Agree,Neutral,Strongly Agree,Agree,Strongly Agree,Strongly Agree,yes
338,18 - 24,Female,Student - Full time,Twitter,3-5 hours,Always,Agree,Neutral,Strongly Agree,Strongly Agree,Agree,Strongly Agree,Strongly Agree,Neutral,Strongly Agree,Agree,Strongly Agree,Strongly Agree,yes
339,18 - 24,Male,Student - Full time,Facebook,Less than an hour,Sometimes,Agree,Neutral,Agree,Strongly Agree,Agree,Strongly Agree,Strongly Agree,Disagree,Strongly Agree,Strongly Agree,Strongly Agree,Disagree,yes
340,18 - 24,Male,Student - Full time,Facebook,3-5 hours,Often,Neutral,Agree,Strongly Agree,Strongly Agree,Agree,Strongly Agree,Strongly Agree,Agree,Agree,Agree,Strongly Agree,Strongly Agree,no
341,18 - 24,Male,Student - Full time,Facebook,1-3 hours,Always,Agree,Agree,Agree,Agree,Disagree,Agree,Agree,Agree,Agree,Agree,Agree,Agree,yes
342,more than 35,Male,Student - Full time,Facebook,1-3 hours,Often,Neutral,Neutral,Agree,Agree,Disagree,Agree,Agree,Disagree,Strongly Agree,Strongly Agree,Agree,Agree,yes
343,18 - 24,Male,Student - Full time,YouTube,1-3 hours,Sometimes,Strongly Agree,Agree,Strongly Agree,Strongly Agree,Disagree,Agree,Disagree,Disagree,Disagree,Disagree,Agree,Strongly Agree,no
344,18 - 24,Male,Student - Full time,Facebook,1-3 hours,Always,Strongly Agree,Strongly Agree,Neutral,Agree,Disagree,Agree,Disagree,Neutral,Agree,Neutral,Neutral,Neutral,yes
345,18 - 24,Female,Non Students,Facebook,1-3 hours,Often,Neutral,Strongly Agree,Agree,Agree,Disagree,Agree,Neutral,Agree,Strongly Agree,Strongly Agree,Agree,Agree,yes
346,25-34,Male,Student - Full time,YouTube,1-3 hours,Often,Neutral,Agree,Strongly Agree,Strongly Agree,Disagree,Agree,Neutral,Neutral,Strongly Agree,Agree,Neutral,Agree,yes
347,18 - 24,Male,Student - Full time,YouTube,1-3 hours,Sometimes,Neutral,Neutral,Agree,Strongly Agree,Disagree,Neutral,Disagree,Agree,Strongly Agree,Agree,Agree,Neutral,no
348,18 - 24,Female,Student - Full time,Facebook,3-5 hours,Sometimes,Strongly Agree,Strongly Agree,Strongly Agree,Agree,Disagree,Strongly Agree,Agree,Disagree,Strongly Agree,Strongly Agree,Agree,Agree,no
349,18 - 24,Male,Student - Full time,Facebook,1-3 hours,Often,Agree,Neutral,Agree,Agree,Disagree,Strongly Agree,Neutral,Agree,Agree,Disagree,Agree,Agree,no
350,18 - 24,Male,Student - Full time,Facebook,1-3 hours,Sometimes,Neutral,Neutral,Agree,Agree,Disagree,Strongly Agree,Strongly Disagree,Agree,Strongly Agree,Strongly Agree,Strongly Agree,Strongly Agree,yes
351,18 - 24,Male,Student - Full time,Facebook,1-3 hours,Rarely,Disagree,Disagree,Agree,Agree,Disagree,Agree,Agree,Agree,Strongly Agree,Strongly Agree,Agree,Agree,yes
352,more than 35,Male,Student - Full time,Facebook,Less than an hour,Sometimes,Disagree,Agree,Agree,Agree,Disagree,Agree,Agree,Agree,Strongly Agree,Agree,Agree,Neutral,no
353,18 - 24,Female,Student - Full time,Facebook,3-5 hours,Sometimes,Strongly Agree,Strongly Agree,Agree,Neutral,Disagree,Agree,Agree,Disagree,Strongly Agree,Agree,Neutral,Agree,no
354,18 - 24,Female,Student - Full time,Instagram,3-5 hours,Often,Neutral,Neutral,Agree,Neutral,Disagree,Agree,Agree,Disagree,Strongly Agree,Neutral,Agree,Agree,no
355,25-34,Female,Student - Full time,Facebook,Less than an hour,Rarely,Disagree,Agree,Strongly Agree,Strongly Agree,Disagree,Agree,Agree,Neutral,Strongly Agree,Strongly Agree,Strongly Agree,Agree,yes
356,18 - 24,Female,Student - Full time,Facebook,1-3 hours,Often,Agree,Agree,Disagree,Disagree,Disagree,Agree,Agree,Neutral,Strongly Agree,Neutral,Disagree,Disagree,yes
357,18 - 24,Female,Student - Full time,Facebook,3-5 hours,Often,Neutral,Neutral,Agree,Agree,Disagree,Agree,Neutral,Disagree,Agree,Agree,Neutral,Disagree,no
358,25-34,Male,Student - Full time,Facebook,Less than an hour,Rarely,Disagree,Neutral,Agree,Agree,Disagree,Agree,Neutral,Neutral,Strongly Agree,Agree,Agree,Agree,yes
359,25-34,Female,Student - Full time,Facebook,Less than an hour,Sometimes,Strongly Agree,Strongly Agree,Agree,Agree,Disagree,Agree,Neutral,Agree,Agree,Neutral,Neutral,Neutral,yes
360,18 - 24,Male,Student - Full time,Facebook,1-3 hours,Rarely,Agree,Neutral,Disagree,Disagree,Disagree,Agree,Neutral,Agree,Strongly Agree,Strongly Agree,Neutral,Strongly Agree,yes
361,18 - 24,Female,Student - Full time,Facebook,More than 5 hours,Always,Strongly Agree,Strongly Agree,Neutral,Neutral,Disagree,Agree,Strongly Disagree,Disagree,Strongly Agree,Agree,Strongly Disagree,Strongly Disagree,yes
362,more than 35,Male,Student - Full time,Facebook,Less than an hour,Rarely,Disagree,Neutral,Disagree,Neutral,Disagree,Disagree,Disagree,Agree,Strongly Agree,Strongly Agree,Agree,Agree,no
363,25-34,Male,Student - Full time,Facebook,1-3 hours,Always,Strongly Agree,Strongly Agree,Neutral,Disagree,Disagree,Disagree,Disagree,Disagree,Neutral,Disagree,Disagree,Disagree,no
364,25-34,Male,Student - Full time,Facebook,Less than an hour,Sometimes,Agree,Neutral,Disagree,Disagree,Disagree,Disagree,Disagree,Disagree,Strongly Agree,Disagree,Disagree,Disagree,no
365,25-34,Male,Student - Full time,Facebook,Less than an hour,Rarely,Neutral,Neutral,Strongly Agree,Disagree,Disagree,Disagree,Disagree,Neutral,Neutral,Strongly Agree,Strongly Disagree,Strongly Disagree,yes
366,18 - 24,Male,Student - Full time,Facebook,More than 5 hours,Rarely,Agree,Neutral,Neutral,Agree,Disagree,Disagree,Disagree,Neutral,Agree,Agree,Neutral,Agree,yes
367,18 - 24,Female,Student - Full time,Facebook,1-3 hours,Often,Agree,Strongly Agree,Disagree,Agree,Disagree,Disagree,Disagree,Neutral,Strongly Agree,Disagree,Disagree,Disagree,yes
368,more than 35,Male,Student - Full time,Facebook,Less than an hour,Sometimes,Neutral,Neutral,Agree,Agree,Disagree,Disagree,Disagree,Agree,Agree,Agree,Agree,Agree,no
369,18 - 24,Male,Student - Full time,YouTube,3-5 hours,Always,Agree,Strongly Agree,Neutral,Agree,Disagree,Disagree,Strongly Disagree,Neutral,Strongly Agree,Agree,Disagree,Neutral,no
370,25-34,Male,Student - Full time,Whatsapp,Less than an hour,Rarely,Neutral,Disagree,Strongly Agree,Agree,Disagree,Disagree,Strongly Disagree,Strongly Agree,Strongly Agree,Agree,Strongly Disagree,Disagree,no
371,18 - 24,Female,Student - Full time,Facebook,1-3 hours,Sometimes,Agree,Agree,Disagree,Neutral,Disagree,Neutral,Disagree,Agree,Agree,Agree,Neutral,Neutral,no
372,18 - 24,Male,Student - Full time,Facebook,3-5 hours,Often,Neutral,Neutral,Agree,Disagree,Disagree,Neutral,Disagree,Disagree,Strongly Agree,Disagree,Disagree,Strongly Agree,no
373,18 - 24,Male,Student - Full time,Facebook,1-3 hours,Sometimes,Neutral,Neutral,Neutral,Neutral,Disagree,Neutral,Neutral,Disagree,Strongly Agree,Strongly Agree,Neutral,Agree,no
374,18 - 24,Male,Student - Full time,Facebook,1-3 hours,Sometimes,Neutral,Agree,Agree,Neutral,Disagree,Neutral,Neutral,Neutral,Agree,Agree,Agree,Neutral,yes
375,18 - 24,Male,Student - Full time,Whatsapp,3-5 hours,Sometimes,Agree,Strongly Agree,Agree,Neutral,Disagree,Neutral,Neutral,Neutral,Agree,Agree,Agree,Neutral,yes
376,18 - 24,Male,Student - Full time,Facebook,More than 5 hours,Always,Strongly Agree,Strongly Agree,Neutral,Neutral,Disagree,Neutral,Neutral,Neutral,Agree,Agree,Agree,Disagree,yes
377,18 - 24,Male,Student - Full time,Facebook,3-5 hours,Often,Neutral,Strongly Agree,Neutral,Neutral,Disagree,Neutral,Neutral,Neutral,Strongly Agree,Neutral,Neutral,Neutral,yes
378,18 - 24,Female,Student - Full time,Facebook,3-5 hours,Always,Agree,Neutral,Disagree,Neutral,Disagree,Neutral,Strongly Agree,Agree,Strongly Agree,Strongly Agree,Neutral,Neutral,yes
379,18 - 24,Male,Student - Full time,Facebook,1-3 hours,Always,Strongly Agree,Strongly Agree,Neutral,Agree,Disagree,Neutral,Strongly Disagree,Disagree,Strongly Agree,Strongly Agree,Neutral,Neutral,yes
380,25-34,Female,Student - Full time,Facebook,1-3 hours,Sometimes,Strongly Agree,Strongly Agree,Agree,Agree,Disagree,Strongly Agree,Disagree,Neutral,Strongly Agree,Agree,Neutral,Neutral,yes
381,18 - 24,Female,Student - Full time,Facebook,More than 5 hours,Sometimes,Neutral,Agree,Strongly Agree,Strongly Agree,Disagree,Strongly Agree,Disagree,Strongly Agree,Strongly Agree,Strongly Agree,Agree,Agree,yes
382,25-34,Male,Student - Full time,Facebook,3-5 hours,Rarely,Strongly Agree,Strongly Agree,Strongly Agree,Strongly Agree,Disagree,Strongly Agree,Disagree,Strongly Agree,Strongly Agree,Strongly Agree,Agree,Agree,yes
383,18 - 24,Female,Student - Full time,Whatsapp,More than 5 hours,Sometimes,Neutral,Neutral,Agree,Agree,Disagree,Agree,Agree,Disagree,Agree,Agree,Agree,Agree,yes
384,25-34,Male,Student - Full time,Facebook,1-3 hours,Often,Agree,Agree,Agree,Agree,Disagree,Agree,Agree,Disagree,Strongly Agree,Agree,Agree,Agree,yes
385,18 - 24,Male,Student - Full time,Facebook,1-3 hours,Often,Agree,Agree,Agree,Agree,Disagree,Agree,Agree,Neutral,Strongly Agree,Agree,Agree,Agree,yes
386,18 - 24,Female,Student - Full time,Facebook,1-3 hours,Always,Strongly Agree,Strongly Agree,Agree,Agree,Disagree,Agree,Disagree,Agree,Strongly Agree,Agree,Disagree,Neutral,yes
387,25-34,Female,Student - Full time,Facebook,1-3 hours,Rarely,Agree,Agree,Disagree,Agree,Disagree,Agree,Disagree,Strongly Agree,Strongly Agree,Strongly Agree,Neutral,Strongly Agree,yes
388,25-34,Male,Student - Full time,Facebook,Less than an hour,Sometimes,Agree,Strongly Agree,Neutral,Neutral,Disagree,Agree,Neutral,Agree,Strongly Agree,Agree,Neutral,Neutral,no
389,18 - 24,Male,Student - Full time,Facebook,3-5 hours,Sometimes,Neutral,Neutral,Neutral,Agree,Disagree,Agree,Neutral,Neutral,Strongly Agree,Agree,Agree,Agree,yes
390,18 - 24,Female,Student - Full time,Facebook,1-3 hours,Often,Agree,Agree,Strongly Agree,Agree,Disagree,Agree,Neutral,Agree,Strongly Agree,Disagree,Neutral,Neutral,yes
391,25-34,Male,Student - Full time,Facebook,1-3 hours,Always,Strongly Agree,Strongly Agree,Strongly Agree,Agree,Disagree,Agree,Neutral,Agree,Agree,Neutral,Neutral,Agree,yes
392,18 - 24,Male,Student - Full time,YouTube,1-3 hours,Rarely,Neutral,Disagree,Agree,Neutral,Disagree,Disagree,Disagree,Agree,Strongly Agree,Agree,Neutral,Neutral,yes
393,18 - 24,Male,Student - Full time,Facebook,1-3 hours,Sometimes,Neutral,Neutral,Strongly Agree,Agree,Disagree,Neutral,Agree,Neutral,Strongly Agree,Neutral,Neutral,Neutral,yes
394,25-34,Male,Student - Full time,Facebook,Less than an hour,Rarely,Disagree,Neutral,Agree,Agree,Disagree,Neutral,Agree,Strongly Disagree,Strongly Agree,Strongly Agree,Strongly Agree,Strongly Agree,yes
395,18 - 24,Male,Student - Full time,Facebook,1-3 hours,Always,Strongly Agree,Strongly Agree,Neutral,Neutral,Disagree,Neutral,Disagree,Neutral,Strongly Agree,Neutral,Neutral,Neutral,yes
396,25-34,Female,Student - Full time,Facebook,Less than an hour,Always,Strongly Agree,Strongly Agree,Agree,Agree,Disagree,Neutral,Disagree,Neutral,Strongly Agree,Agree,Agree,Agree,no
397,25-34,Female,Student - Full time,Facebook,Less than an hour,Rarely,Disagree,Disagree,Neutral,Agree,Disagree,Neutral,Disagree,Neutral,Strongly Agree,Strongly Agree,Neutral,Neutral,yes
398,25-34,Male,Student - Full time,Facebook,Less than an hour,Sometimes,Neutral,Agree,Strongly Agree,Agree,Disagree,Neutral,Neutral,Disagree,Strongly Agree,Strongly Agree,Agree,Strongly Agree,yes
399,more than 35,Male,Student - Full time,Whatsapp,Less than an hour,Rarely,Disagree,Strongly Disagree,Strongly Agree,Agree,Disagree,Neutral,Neutral,Disagree,Strongly Agree,Strongly Agree,Agree,Strongly Agree,yes
400,18 - 24,Male,Student - Full time,YouTube,1-3 hours,Often,Agree,Strongly Agree,Neutral,Neutral,Disagree,Neutral,Neutral,Neutral,Agree,Neutral,Neutral,Neutral,yes
401,18 - 24,Female,Student - Full time,Facebook,More than 5 hours,Sometimes,Neutral,Neutral,Neutral,Agree,Disagree,Neutral,Strongly Agree,Disagree,Strongly Agree,Agree,Neutral,Agree,no
402,18 - 24,Male,Student - Full time,Facebook,1-3 hours,Often,Agree,Strongly Agree,Agree,Agree,Disagree,Strongly Agree,Agree,Strongly Agree,Strongly Agree,Agree,Disagree,Neutral,yes
403,25-34,Female,Student - Full time,Facebook,1-3 hours,Sometimes,Strongly Agree,Agree,Agree,Agree,Disagree,Strongly Agree,Neutral,Disagree,Strongly Agree,Strongly Agree,Strongly Agree,Strongly Agree,yes
404,18 - 24,Male,Student - Full time,YouTube,3-5 hours,Always,Strongly Agree,Strongly Agree,Strongly Agree,Strongly Agree,Disagree,Strongly Agree,Agree,Disagree,Strongly Disagree,Strongly Agree,Strongly Agree,Agree,yes
405,18 - 24,Male,Student - Full time,Facebook,1-3 hours,Sometimes,Disagree,Disagree,Strongly Agree,Strongly Agree,Neutral,Agree,Agree,Agree,Agree,Agree,Agree,Agree,yes
406,25-34,Male,Student - Full time,Facebook,1-3 hours,Always,Strongly Agree,Strongly Agree,Agree,Strongly Agree,Neutral,Agree,Agree,Agree,Agree,Agree,Neutral,Agree,no
407,25-34,Male,Student - Full time,Facebook,1-3 hours,Often,Agree,Agree,Agree,Agree,Neutral,Agree,Agree,Disagree,Strongly Agree,Agree,Strongly Agree,Strongly Agree,yes
408,more than 35,Male,Student - Full time,Facebook,Less than an hour,Sometimes,Agree,Agree,Agree,Agree,Neutral,Agree,Agree,Disagree,Strongly Agree,Agree,Agree,Agree,yes
409,18 - 24,Male,Student - Full time,Facebook,3-5 hours,Often,Agree,Agree,Strongly Agree,Strongly Agree,Neutral,Agree,Agree,Disagree,Neutral,Agree,Agree,Agree,yes
410,18 - 24,Male,Student - Full time,Instagram,1-3 hours,Always,Strongly Agree,Agree,Agree,Agree,Neutral,Agree,Agree,Neutral,Strongly Agree,Neutral,Agree,Agree,yes
411,more than 35,Male,Student - Full time,Facebook,Less than an hour,Sometimes,Neutral,Agree,Agree,Agree,Neutral,Agree,Agree,Disagree,Neutral,Neutral,Agree,Agree,no
412,18 - 24,Male,Student - Full time,YouTube,1-3 hours,Often,Strongly Agree,Strongly Agree,Agree,Strongly Agree,Neutral,Agree,Disagree,Neutral,Strongly Agree,Strongly Agree,Strongly Agree,Agree,no
413,25-34,Male,Student - Full time,Facebook,3-5 hours,Often,Agree,Neutral,Strongly Agree,Strongly Agree,Neutral,Agree,Disagree,Strongly Agree,Strongly Agree,Strongly Agree,Agree,Agree,yes
414,25-34,Male,Student - Full time,Facebook,3-5 hours,Often,Agree,Agree,Agree,Agree,Neutral,Agree,Disagree,Disagree,Strongly Agree,Agree,Agree,Neutral,no
415,more than 35,Male,Student - Full time,Facebook,Less than an hour,Sometimes,Neutral,Agree,Strongly Agree,Agree,Neutral,Agree,Neutral,Agree,Strongly Agree,Agree,Agree,Agree,no
416,18 - 24,Male,Student - Full time,Facebook,3-5 hours,Often,Agree,Agree,Strongly Agree,Agree,Neutral,Agree,Neutral,Agree,Strongly Agree,Agree,Agree,Agree,no
417,25-34,Male,Student - Full time,Facebook,Less than an hour,Rarely,Neutral,Neutral,Agree,Agree,Neutral,Agree,Neutral,Disagree,Agree,Agree,Agree,Agree,no
418,18 - 24,Female,Student - Full time,Facebook,1-3 hours,Often,Agree,Agree,Strongly Agree,Strongly Agree,Neutral,Agree,Neutral,Disagree,Strongly Agree,Agree,Agree,Agree,yes
419,18 - 24,Female,Student - Full time,Facebook,1-3 hours,Sometimes,Agree,Neutral,Agree,Agree,Neutral,Agree,Neutral,Disagree,Strongly Agree,Agree,Neutral,Agree,yes
420,25-34,Male,Student - Full time,Facebook,3-5 hours,Sometimes,Agree,Agree,Agree,Agree,Neutral,Agree,Neutral,Neutral,Agree,Agree,Agree,Agree,yes
421,18 - 24,Female,Student - Full time,Facebook,3-5 hours,Often,Agree,Agree,Agree,Agree,Neutral,Agree,Neutral,Neutral,Agree,Agree,Agree,Agree,yes
422,18 - 24,Female,Student - Full time,Facebook,3-5 hours,Sometimes,Neutral,Neutral,Agree,Agree,Neutral,Agree,Neutral,Neutral,Agree,Agree,Agree,Neutral,no
423,18 - 24,Female,Student - Full time,Facebook,1-3 hours,Often,Agree,Strongly Agree,Neutral,Agree,Neutral,Agree,Neutral,Neutral,Strongly Agree,Agree,Neutral,Agree,yes
424,18 - 24,Male,Student - Full time,Facebook,More than 5 hours,Always,Strongly Agree,Strongly Agree,Strongly Agree,Strongly Agree,Neutral,Agree,Neutral,Neutral,Strongly Agree,Strongly Agree,Agree,Agree,yes
425,25-34,Male,Student - Full time,Facebook,1-3 hours,Rarely,Agree,Strongly Agree,Agree,Agree,Neutral,Agree,Neutral,Neutral,Strongly Agree,Strongly Agree,Agree,Agree,yes
426,more than 35,Female,Non Students,YouTube,1-3 hours,Often,Neutral,Agree,Agree,Agree,Neutral,Agree,Neutral,Agree,Agree,Agree,Agree,Agree,yes
427,more than 35,Female,Student - Full time,Facebook,Less than an hour,Sometimes,Neutral,Strongly Agree,Agree,Agree,Neutral,Agree,Neutral,Agree,Strongly Agree,Agree,Agree,Agree,yes
428,18 - 24,Male,Student - Full time,Facebook,1-3 hours,Sometimes,Neutral,Neutral,Agree,Agree,Neutral,Agree,Neutral,Disagree,Agree,Agree,Agree,Neutral,yes
429,18 - 24,Male,Student - Full time,Facebook,More than 5 hours,Always,Strongly Agree,Strongly Agree,Agree,Agree,Neutral,Agree,Neutral,Disagree,Strongly Agree,Agree,Agree,Agree,yes
430,18 - 24,Female,Student - Full time,YouTube,1-3 hours,Sometimes,Agree,Agree,Strongly Agree,Agree,Neutral,Agree,Neutral,Neutral,Strongly Agree,Strongly Agree,Agree,Neutral,no
431,18 - 24,Male,Student - Full time,Facebook,More than 5 hours,Always,Strongly Agree,Strongly Agree,Strongly Agree,Strongly Agree,Neutral,Agree,Strongly Agree,Agree,Agree,Strongly Agree,Agree,Strongly Agree,yes
432,18 - 24,Male,Student - Part time or Distance Learning,Facebook,3-5 hours,Sometimes,Strongly Agree,Strongly Agree,Agree,Neutral,Neutral,Disagree,Neutral,Neutral,Neutral,Strongly Agree,Agree,Agree,yes
433,18 - 24,Female,Student - Full time,Facebook,1-3 hours,Always,Strongly Agree,Strongly Agree,Strongly Agree,Strongly Agree,Neutral,Neutral,Agree,Strongly Agree,Strongly Agree,Neutral,Neutral,Agree,yes
434,25-34,Female,Student - Full time,Facebook,Less than an hour,Sometimes,Agree,Agree,Neutral,Agree,Neutral,Neutral,Neutral,Disagree,Strongly Agree,Agree,Agree,Neutral,no
435,25-34,Female,Student - Full time,Facebook,3-5 hours,Always,Strongly Agree,Strongly Agree,Agree,Agree,Neutral,Neutral,Neutral,Neutral,Agree,Agree,Agree,Neutral,no
436,18 - 24,Male,Student - Full time,Facebook,More than 5 hours,Often,Strongly Agree,Agree,Agree,Agree,Neutral,Neutral,Neutral,Neutral,Agree,Agree,Neutral,Disagree,yes
